day,product_title,orders,gross_sales,discounts,returns,net_sales,total_sales
2020-01-04,,0,0.000,0.000,0.000,0.000,0.000
2020-01-05,,0,0.000,0.000,0.000,0.000,0.000
2020-01-06,,0,0.000,0.000,0.000,0.000,0.000
2020-01-07,,0,0.000,0.000,0.000,0.000,0.000
2020-01-08,,0,0.000,0.000,0.000,0.000,0.000
2020-01-09,,0,0.000,0.000,0.000,0.000,0.000
2020-01-10,,0,0.000,0.000,0.000,0.000,0.000
2020-01-11,,0,0.000,0.000,0.000,0.000,0.000
2020-01-12,,0,0.000,0.000,0.000,0.000,0.000
2020-01-13,,0,0.000,0.000,0.000,0.000,0.000
2020-01-14,,0,0.000,0.000,0.000,0.000,0.000
2020-01-15,,0,0.000,0.000,0.000,0.000,0.000
2020-01-16,,0,0.000,0.000,0.000,0.000,0.000
2020-01-17,,0,0.000,0.000,0.000,0.000,0.000
2020-01-18,,0,0.000,0.000,0.000,0.000,0.000
2020-01-19,,0,0.000,0.000,0.000,0.000,0.000
2020-01-20,,0,0.000,0.000,0.000,0.000,0.000
2020-01-21,,0,0.000,0.000,0.000,0.000,0.000
2020-01-22,,0,0.000,0.000,0.000,0.000,0.000
2020-01-23,,0,0.000,0.000,0.000,0.000,0.000
2020-01-24,,0,0.000,0.000,0.000,0.000,0.000
2020-01-25,,0,0.000,0.000,0.000,0.000,0.000
2020-01-26,,0,0.000,0.000,0.000,0.000,0.000
2020-01-27,,0,0.000,0.000,0.000,0.000,0.000
2020-01-28,,0,0.000,0.000,0.000,0.000,0.000
2020-01-29,,0,0.000,0.000,0.000,0.000,0.000
2020-01-30,,0,0.000,0.000,0.000,0.000,0.000
2020-01-31,,0,0.000,0.000,0.000,0.000,0.000
2020-02-01,,0,0.000,0.000,0.000,0.000,0.000
2020-02-02,,0,0.000,0.000,0.000,0.000,0.000
2020-02-03,,0,0.000,0.000,0.000,0.000,0.000
2020-02-04,,0,0.000,0.000,0.000,0.000,0.000
2020-02-05,,0,0.000,0.000,0.000,0.000,0.000
2020-02-06,,0,0.000,0.000,0.000,0.000,0.000
2020-02-07,,0,0.000,0.000,0.000,0.000,0.000
2020-02-08,,0,0.000,0.000,0.000,0.000,0.000
2020-02-09,,0,0.000,0.000,0.000,0.000,0.000
2020-02-10,,0,0.000,0.000,0.000,0.000,0.000
2020-02-11,,0,0.000,0.000,0.000,0.000,0.000
2020-02-12,,0,0.000,0.000,0.000,0.000,0.000
2020-02-13,,0,0.000,0.000,0.000,0.000,0.000
2020-02-14,,0,0.000,0.000,0.000,0.000,0.000
2020-02-15,,0,0.000,0.000,0.000,0.000,0.000
2020-02-16,,0,0.000,0.000,0.000,0.000,0.000
2020-02-17,,0,0.000,0.000,0.000,0.000,0.000
2020-02-18,,0,0.000,0.000,0.000,0.000,0.000
2020-02-19,,0,0.000,0.000,0.000,0.000,0.000
2020-02-20,,0,0.000,0.000,0.000,0.000,0.000
2020-02-21,,0,0.000,0.000,0.000,0.000,0.000
2020-02-22,,0,0.000,0.000,0.000,0.000,0.000
2020-02-23,,0,0.000,0.000,0.000,0.000,0.000
2020-02-24,,0,0.000,0.000,0.000,0.000,0.000
2020-02-25,,0,0.000,0.000,0.000,0.000,0.000
2020-02-26,,0,0.000,0.000,0.000,0.000,0.000
2020-02-27,,0,0.000,0.000,0.000,0.000,0.000
2020-02-28,,0,0.000,0.000,0.000,0.000,0.000
2020-02-29,,0,0.000,0.000,0.000,0.000,0.000
2020-03-01,,0,0.000,0.000,0.000,0.000,0.000
2020-03-02,,0,0.000,0.000,0.000,0.000,0.000
2020-03-03,,0,0.000,0.000,0.000,0.000,0.000
2020-03-04,,0,0.000,0.000,0.000,0.000,0.000
2020-03-05,,0,0.000,0.000,0.000,0.000,0.000
2020-03-06,,0,0.000,0.000,0.000,0.000,0.000
2020-03-07,,0,0.000,0.000,0.000,0.000,0.000
2020-03-08,,0,0.000,0.000,0.000,0.000,0.000
2020-03-09,,0,0.000,0.000,0.000,0.000,0.000
2020-03-10,,0,0.000,0.000,0.000,0.000,0.000
2020-03-11,,0,0.000,0.000,0.000,0.000,0.000
2020-03-12,,0,0.000,0.000,0.000,0.000,0.000
2020-03-13,,0,0.000,0.000,0.000,0.000,0.000
2020-03-14,,0,0.000,0.000,0.000,0.000,0.000
2020-03-15,,0,0.000,0.000,0.000,0.000,0.000
2020-03-16,,0,0.000,0.000,0.000,0.000,0.000
2020-03-17,,0,0.000,0.000,0.000,0.000,0.000
2020-03-18,,0,0.000,0.000,0.000,0.000,0.000
2020-03-19,,0,0.000,0.000,0.000,0.000,0.000
2020-03-20,,0,0.000,0.000,0.000,0.000,0.000
2020-03-21,,0,0.000,0.000,0.000,0.000,0.000
2020-03-22,,0,0.000,0.000,0.000,0.000,0.000
2020-03-23,,0,0.000,0.000,0.000,0.000,0.000
2020-03-24,,0,0.000,0.000,0.000,0.000,0.000
2020-03-25,,0,0.000,0.000,0.000,0.000,0.000
2020-03-26,,0,0.000,0.000,0.000,0.000,0.000
2020-03-27,,0,0.000,0.000,0.000,0.000,0.000
2020-03-28,,0,0.000,0.000,0.000,0.000,0.000
2020-03-29,,0,0.000,0.000,0.000,0.000,0.000
2020-03-30,,0,0.000,0.000,0.000,0.000,0.000
2020-03-31,,0,0.000,0.000,0.000,0.000,0.000
2020-04-01,,0,0.000,0.000,0.000,0.000,0.000
2020-04-02,,0,0.000,0.000,0.000,0.000,0.000
2020-04-03,,0,0.000,0.000,0.000,0.000,0.000
2020-04-04,Agatha Top + Dress,1,9.000,0.000,0.000,9.000,9.630
2020-04-05,,0,0.000,0.000,0.000,0.000,0.000
2020-04-06,,0,0.000,0.000,0.000,0.000,0.000
2020-04-07,,0,0.000,0.000,0.000,0.000,0.000
2020-04-08,,0,0.000,0.000,0.000,0.000,0.000
2020-04-09,,0,0.000,0.000,0.000,0.000,0.000
2020-04-10,,0,0.000,0.000,0.000,0.000,0.000
2020-04-11,,0,0.000,0.000,0.000,0.000,0.000
2020-04-12,,0,0.000,0.000,0.000,0.000,0.000
2020-04-13,,0,0.000,0.000,0.000,0.000,0.000
2020-04-14,,0,0.000,0.000,0.000,0.000,0.000
2020-04-15,,0,0.000,0.000,0.000,0.000,0.000
2020-04-16,,0,0.000,0.000,12.840,12.840,12.840
2020-04-16,Lottie Bonnet,2,12.000,0.000,-12.000,0.000,0.000
2020-04-17,Lola Blouse,5,45.000,-15.750,0.000,29.250,29.250
2020-04-17,Mona Shorts,2,18.000,-6.300,0.000,11.700,11.700
2020-04-17,Hastings Vest,1,9.000,-3.150,0.000,5.850,5.850
2020-04-17,Agatha Top + Dress,2,18.000,-6.300,0.000,11.700,11.700
2020-04-17,Cora Blouse,2,18.000,-6.300,0.000,11.700,11.700
2020-04-17,Camden Dress,2,18.000,-6.300,0.000,11.700,11.700
2020-04-17,Angelica Blouse + Dress,2,18.000,-6.300,0.000,11.700,11.700
2020-04-17,Marlow Dress,1,9.000,-3.150,0.000,5.850,5.850
2020-04-17,Laurel Blouse,4,36.000,-12.600,0.000,23.400,23.400
2020-04-17,Raine Tote,1,8.000,0.000,0.000,8.000,8.000
2020-04-17,Long Island Top - KNIT,1,9.000,-3.150,0.000,5.850,5.850
2020-04-17,Duchess Dress,1,9.000,-3.150,0.000,5.850,5.850
2020-04-17,Birdie Dress,1,10.000,0.000,0.000,10.000,10.000
2020-04-17,Marlow Bundle,4,48.000,-16.800,0.000,31.200,31.200
2020-04-17,Hillary Skirt,1,8.000,-2.800,0.000,5.200,5.200
2020-04-17,Mae Dress,1,9.000,-3.150,0.000,5.850,5.850
2020-04-17,Lottie Bonnet,1,6.000,0.000,0.000,6.000,6.000
2020-04-17,Constance Cape,1,9.000,-3.150,0.000,5.850,5.850
2020-04-17,Ainsley Pinafore,2,18.000,-6.300,0.000,11.700,11.700
2020-04-17,Penny Blouse,2,18.000,-6.300,0.000,11.700,11.700
2020-04-18,Hazel Tunic,1,9.000,-3.150,0.000,5.850,5.850
2020-04-18,Hillary Skirt,1,8.000,-2.800,0.000,5.200,5.200
2020-04-18,Laurel Blouse,2,18.000,-6.300,0.000,11.700,11.700
2020-04-18,Agatha Top + Dress,1,9.000,-3.150,0.000,5.850,6.260
2020-04-18,Mona Shorts,1,9.000,-3.150,0.000,5.850,5.850
2020-04-18,Angelica Blouse + Dress,1,9.000,-3.150,0.000,5.850,5.850
2020-04-19,Cora Blouse,3,27.000,-9.450,0.000,17.550,17.550
2020-04-19,Melbourne Romper,1,9.000,-3.150,0.000,5.850,5.850
2020-04-19,Constance Cape,1,9.000,-3.150,0.000,5.850,5.850
2020-04-19,Birdie Dress,2,20.000,-7.000,0.000,13.000,13.000
2020-04-19,Mona Shorts,2,18.000,-6.300,0.000,11.700,12.220
2020-04-19,Laurel Blouse,1,9.000,-3.150,0.000,5.850,5.850
2020-04-19,Hillary Skirt,1,8.000,-2.800,0.000,5.200,5.200
2020-04-19,Marlow Dress,1,9.000,-3.150,0.000,5.850,5.850
2020-04-19,Marlow Bundle,4,48.000,-16.800,0.000,31.200,31.670
2020-04-19,Louisa Pinafore,2,18.000,-6.300,0.000,11.700,12.160
2020-04-19,Camden Dress,2,18.000,-6.300,0.000,11.700,12.160
2020-04-20,Hastings Vest,1,9.000,-3.150,0.000,5.850,5.850
2020-04-20,Mona Shorts,3,27.000,-9.360,0.000,17.640,17.640
2020-04-21,,0,0.000,0.000,0.000,0.000,0.000
2020-04-22,Laurel Blouse,0,0.000,0.000,-5.850,-5.850,-5.850
2020-04-23,Sadie Skirt,1,8.000,0.000,0.000,8.000,8.000
2020-04-23,Long Island Top - KNIT,1,9.000,0.000,0.000,9.000,9.000
2020-04-24,Angelica Blouse + Dress,1,9.000,-2.250,0.000,6.750,6.750
2020-04-25,,0,0.000,0.000,0.000,0.000,0.000
2020-04-26,,0,0.000,0.000,0.000,0.000,0.000
2020-04-27,,0,0.000,0.000,0.000,0.000,0.000
2020-04-28,,0,0.000,0.000,0.000,0.000,0.000
2020-04-29,Ainsley Pinafore,1,9.000,0.000,0.000,9.000,9.000
2020-04-30,,0,0.000,0.000,0.000,0.000,0.000
2020-05-01,Macy Pinafore,1,9.000,-2.250,0.000,6.750,6.750
2020-05-02,,0,0.000,0.000,0.000,0.000,0.000
2020-05-03,,0,0.000,0.000,0.000,0.000,0.000
2020-05-04,Laurel Blouse,1,9.000,0.000,0.000,9.000,9.000
2020-05-05,,0,0.000,0.000,0.000,0.000,0.000
2020-05-06,Sadie Skirt,1,8.000,0.000,0.000,8.000,8.000
2020-05-07,,0,0.000,0.000,0.000,0.000,0.000
2020-05-08,,0,0.000,0.000,0.000,0.000,0.000
2020-05-09,,0,0.000,0.000,0.000,0.000,0.000
2020-05-10,Long Island Top - KNIT,1,9.000,0.000,0.000,9.000,9.000
2020-05-10,Marlow Bundle,1,12.000,0.000,0.000,12.000,12.000
2020-05-10,Macy Pinafore,2,18.000,0.000,0.000,18.000,18.000
2020-05-10,Cora Blouse,1,9.000,0.000,0.000,9.000,9.000
2020-05-10,Agatha Top + Dress,1,9.000,0.000,0.000,9.000,9.000
2020-05-11,,0,0.000,0.000,0.000,0.000,0.000
2020-05-12,,0,0.000,0.000,0.000,0.000,0.000
2020-05-13,,0,0.000,0.000,0.000,0.000,0.000
2020-05-14,,0,0.000,0.000,0.000,0.000,0.000
2020-05-15,,0,0.000,0.000,0.000,0.000,0.000
2020-05-16,,0,0.000,0.000,0.000,0.000,0.000
2020-05-17,,0,0.000,0.000,0.000,0.000,0.000
2020-05-18,Macy Pinafore,1,9.000,0.000,0.000,9.000,9.000
2020-05-18,Penny Blouse,1,9.000,0.000,0.000,9.000,9.000
2020-05-19,Cora Blouse,1,9.000,0.000,0.000,9.000,9.000
2020-05-20,,0,0.000,0.000,0.000,0.000,0.000
2020-05-21,Angelica Blouse + Dress,1,9.000,0.000,0.000,9.000,9.000
2020-05-21,Melbourne Romper,1,9.000,0.000,0.000,9.000,9.000
2020-05-22,Marlow Bundle,1,12.000,0.000,0.000,12.000,12.000
2020-05-23,Macy Pinafore,1,9.000,-2.250,0.000,6.750,6.750
2020-05-24,,0,0.000,0.000,0.000,0.000,0.000
2020-05-25,Penny Blouse,1,9.000,-2.700,0.000,6.300,6.300
2020-05-25,Marlow Bundle,1,12.000,-3.600,0.000,8.400,8.400
2020-05-25,Long Island Top - KNIT,1,9.000,-2.700,0.000,6.300,6.300
2020-05-25,Mona Shorts,2,18.000,-5.400,0.000,12.600,12.600
2020-05-25,Mae Dress,1,9.000,-2.700,0.000,6.300,6.300
2020-05-25,Melbourne Romper,2,18.000,-5.400,0.000,12.600,12.600
2020-05-26,,0,0.000,0.000,0.000,0.000,0.000
2020-05-27,,0,0.000,0.000,0.000,0.000,0.000
2020-05-28,,0,0.000,0.000,0.000,0.000,0.000
2020-05-29,Marlow Bundle,1,12.000,0.000,0.000,12.000,12.000
2020-05-30,,0,0.000,0.000,0.000,0.000,0.000
2020-05-31,,0,0.000,0.000,0.000,0.000,0.000
2020-06-01,,0,0.000,0.000,0.000,0.000,0.000
2020-06-02,Louisa Pinafore,1,9.000,0.000,0.000,9.000,9.000
2020-06-03,Angelica Blouse + Dress,1,9.000,0.000,0.000,9.000,9.000
2020-06-04,Lola Blouse,1,9.000,0.000,0.000,9.000,9.000
2020-06-05,Laurel Blouse,1,9.000,-2.250,0.000,6.750,6.750
2020-06-05,Birdie Dress,1,10.000,-2.500,0.000,7.500,7.500
2020-06-05,Marlow Bundle,1,12.000,-3.000,0.000,9.000,9.000
2020-06-05,Lola Blouse,1,9.000,-2.250,0.000,6.750,6.750
2020-06-05,Duchess Dress,1,9.000,-2.250,0.000,6.750,6.750
2020-06-05,Louisa Pinafore,1,9.000,-2.250,0.000,6.750,6.750
2020-06-06,Angelica Blouse + Dress,8,72.000,-25.200,0.000,46.800,46.800
2020-06-06,Marlow Bundle,7,84.000,-29.400,0.000,54.600,54.600
2020-06-06,Mae Dress,1,9.000,-3.150,0.000,5.850,5.850
2020-06-06,Ainsley Pinafore,2,18.000,-6.300,0.000,11.700,11.700
2020-06-06,Camden Dress,6,54.000,-18.900,0.000,35.100,35.100
2020-06-06,Constance Cape,2,18.000,-6.300,0.000,11.700,11.700
2020-06-06,Louisa Pinafore,4,36.000,-12.600,0.000,23.400,23.400
2020-06-06,Agatha Top + Dress,6,54.000,-18.900,0.000,35.100,35.100
2020-06-06,Cora Blouse,9,81.000,-28.350,0.000,52.650,52.650
2020-06-06,Laurel Blouse,5,45.000,-12.600,0.000,32.400,32.400
2020-06-06,Macy Pinafore,3,27.000,-9.450,0.000,17.550,17.550
2020-06-06,Lola Blouse,2,18.000,-6.300,0.000,11.700,11.700
2020-06-06,Hazel Tunic,3,27.000,-9.450,0.000,17.550,17.960
2020-06-06,Duchess Dress,2,18.000,-6.300,0.000,11.700,11.700
2020-06-06,Marlow Dress,2,18.000,-6.300,0.000,11.700,12.110
2020-06-06,Mona Shorts,1,9.000,-3.150,0.000,5.850,5.850
2020-06-06,Melbourne Romper,4,36.000,-12.600,0.000,23.400,23.810
2020-06-07,Louisa Pinafore,1,9.000,-3.150,0.000,5.850,5.850
2020-06-08,Melbourne Romper,2,18.000,-3.060,0.000,14.940,14.940
2020-06-09,Melbourne Romper,1,9.000,-3.060,0.000,5.940,5.940
2020-06-10,,0,0.000,0.000,0.000,0.000,0.000
2020-06-11,,0,0.000,0.000,0.000,0.000,0.000
2020-06-12,,0,0.000,0.000,0.000,0.000,0.000
2020-06-13,,0,0.000,0.000,0.000,0.000,0.000
2020-06-14,,0,0.000,0.000,0.000,0.000,0.000
2020-06-15,,0,0.000,0.000,0.000,0.000,0.000
2020-06-16,Marlow Bundle,1,12.000,0.000,0.000,12.000,12.000
2020-06-17,,0,0.000,0.000,0.000,0.000,0.000
2020-06-18,Camden Dress,1,9.000,0.000,0.000,9.000,9.000
2020-06-19,,0,0.000,0.000,0.000,0.000,0.000
2020-06-20,,0,0.000,0.000,0.000,0.000,0.000
2020-06-21,,0,0.000,0.000,0.000,0.000,0.000
2020-06-22,,0,0.000,0.000,0.000,0.000,0.000
2020-06-23,Camden Dress,1,9.000,0.000,0.000,9.000,9.000
2020-06-23,Hazel Tunic,1,9.000,0.000,0.000,9.000,9.000
2020-06-23,Louisa Pinafore,1,9.000,0.000,0.000,9.000,9.000
2020-06-24,,0,0.000,0.000,0.000,0.000,0.000
2020-06-25,Camden Dress,1,9.000,0.000,0.000,9.000,9.000
2020-06-26,,0,0.000,0.000,0.000,0.000,0.000
2020-06-27,,0,0.000,0.000,0.000,0.000,0.000
2020-06-28,,0,0.000,0.000,0.000,0.000,0.000
2020-06-29,,0,0.000,0.000,0.000,0.000,0.000
2020-06-30,Marlow Dress,1,9.000,0.000,0.000,9.000,9.000
2020-07-01,,0,0.000,0.000,0.000,0.000,0.000
2020-07-02,,0,0.000,0.000,0.000,0.000,0.000
2020-07-03,Hastings Vest,1,9.000,0.000,0.000,9.000,9.000
2020-07-03,Constance Cape,1,9.000,0.000,0.000,9.000,9.000
2020-07-04,Laurel Blouse,1,9.000,-3.600,0.000,5.400,5.400
2020-07-04,Cora Blouse,1,9.000,-3.600,0.000,5.400,5.400
2020-07-04,Macy Pinafore,1,9.000,-3.600,0.000,5.400,5.400
2020-07-05,Melbourne Romper,2,18.000,0.000,0.000,18.000,18.000
2020-07-05,Cora Blouse,1,9.000,0.000,0.000,9.000,9.000
2020-07-05,Penny Blouse,1,9.000,-3.600,0.000,5.400,5.400
2020-07-05,Duchess Dress,1,9.000,0.000,0.000,9.000,9.000
2020-07-05,Macy Pinafore,1,9.000,0.000,0.000,9.000,9.000
2020-07-05,Louisa Pinafore,1,9.000,0.000,0.000,9.000,9.000
2020-07-05,Constance Cape,1,9.000,-3.600,0.000,5.400,5.400
2020-07-05,,0,0.000,0.000,-10.800,-10.800,-10.800
2020-07-05,Camden Dress,1,9.000,0.000,0.000,9.000,9.000
2020-07-05,Marlow Bundle,1,12.000,-4.800,0.000,7.200,7.200
2020-07-06,Lola Blouse,1,9.000,-3.600,0.000,5.400,5.400
2020-07-06,Penny Blouse,1,9.000,0.000,0.000,9.000,9.000
2020-07-07,Ainsley Pinafore,1,9.000,0.000,0.000,9.000,9.000
2020-07-08,,0,0.000,0.000,0.000,0.000,0.000
2020-07-09,,0,0.000,0.000,0.000,0.000,0.000
2020-07-10,Melbourne Romper,1,9.000,0.000,0.000,9.000,9.000
2020-07-10,Sadie Skirt,1,8.000,0.000,0.000,8.000,8.000
2020-07-11,Louisa Pinafore,1,9.000,0.000,0.000,9.000,9.000
2020-07-11,Lola Blouse,1,9.000,0.000,0.000,9.000,9.000
2020-07-11,Sadie Skirt,1,8.000,0.000,0.000,8.000,8.000
2020-07-12,,0,0.000,0.000,0.000,0.000,0.000
2020-07-13,,0,0.000,0.000,0.000,0.000,0.000
2020-07-14,,0,0.000,0.000,0.000,0.000,0.000
2020-07-15,,0,0.000,0.000,0.000,0.000,0.000
2020-07-16,,0,0.000,0.000,0.000,0.000,0.000
2020-07-17,,0,0.000,0.000,0.000,0.000,0.000
2020-07-18,,0,0.000,0.000,0.000,0.000,0.000
2020-07-19,,0,0.000,0.000,0.000,0.000,0.000
2020-07-20,Laurel Blouse,2,18.000,0.000,0.000,18.000,18.000
2020-07-20,Marlow Bundle,1,12.000,0.000,0.000,12.000,12.000
2020-07-20,Louisa Pinafore,4,36.000,0.000,0.000,36.000,36.000
2020-07-20,Marlow Dress,3,27.000,0.000,-9.000,18.000,18.540
2020-07-20,Ainsley Pinafore,4,36.000,0.000,0.000,36.000,36.540
2020-07-20,Angelica Blouse + Dress,2,18.000,0.000,0.000,18.000,18.000
2020-07-20,Lola Blouse,4,36.000,0.000,0.000,36.000,36.000
2020-07-20,Hastings Vest,2,18.000,0.000,0.000,18.000,18.000
2020-07-20,Mona Shorts,1,9.000,0.000,0.000,9.000,9.000
2020-07-20,Macy Pinafore,6,54.000,0.000,0.000,54.000,54.000
2020-07-20,Long Island Top - KNIT,3,27.000,0.000,0.000,27.000,27.000
2020-07-20,Agatha Top + Dress,1,9.000,0.000,0.000,9.000,9.000
2020-07-20,Camden Dress,1,9.000,0.000,0.000,9.000,9.000
2020-07-20,Hazel Tunic,1,9.000,0.000,0.000,9.000,9.000
2020-07-20,Duchess Dress,2,18.000,0.000,0.000,18.000,18.000
2020-07-20,Constance Cape,1,9.000,0.000,0.000,9.000,9.000
2020-07-20,Cora Blouse,4,36.000,0.000,0.000,36.000,36.000
2020-07-20,Hillary Skirt,2,16.000,0.000,0.000,16.000,16.000
2020-07-20,Birdie Dress,1,10.000,0.000,0.000,10.000,10.000
2020-07-20,Melbourne Romper,1,9.000,0.000,0.000,9.000,9.000
2020-07-20,Penny Blouse,2,18.000,0.000,0.000,18.000,18.540
2020-07-20,,0,0.000,0.000,-9.000,-9.000,-9.000
2020-07-21,Marlow Dress,1,9.000,0.000,0.000,9.000,9.000
2020-07-21,Angelica Blouse + Dress,2,18.000,0.000,0.000,18.000,18.000
2020-07-21,Hazel Tunic,1,9.000,0.000,0.000,9.000,9.000
2020-07-21,Ainsley Pinafore,1,9.000,0.000,0.000,9.000,9.000
2020-07-21,Agatha Top + Dress,3,27.000,0.000,0.000,27.000,27.000
2020-07-21,Louisa Pinafore,3,27.000,0.000,0.000,27.000,27.000
2020-07-21,Lola Blouse,2,18.000,0.000,-9.000,9.000,9.000
2020-07-21,Camden Dress,2,18.000,0.000,0.000,18.000,18.720
2020-07-21,Marlow Bundle,4,48.000,0.000,0.000,48.000,48.960
2020-07-21,Cora Blouse,1,9.000,0.000,0.000,9.000,9.000
2020-07-21,Penny Blouse,1,9.000,0.000,0.000,9.000,9.000
2020-07-21,Long Island Top - KNIT,1,9.000,0.000,0.000,9.000,9.000
2020-07-21,Constance Cape,1,9.000,0.000,0.000,9.000,9.720
2020-07-22,Long Island Top - KNIT,0,0.000,0.000,-9.000,-9.000,-9.000
2020-07-22,Macy Pinafore,0,0.000,0.000,-9.000,-9.000,-9.000
2020-07-22,Agatha Top + Dress,0,0.000,0.000,-18.000,-18.000,-18.000
2020-07-22,Hillary Skirt,0,0.000,0.000,-8.000,-8.000,-8.000
2020-07-22,Cora Blouse,0,0.000,0.000,-9.000,-9.000,-9.000
2020-07-22,Louisa Pinafore,0,0.000,0.000,-9.000,-9.000,-9.000
2020-07-22,Ainsley Pinafore,0,0.000,0.000,-9.000,-9.000,-9.000
2020-07-22,Lola Blouse,0,0.000,0.000,-9.000,-9.000,-9.000
2020-07-23,Hastings Vest,0,0.000,0.000,-9.000,-9.000,-9.000
2020-07-23,Angelica Blouse + Dress,1,9.000,0.000,0.000,9.000,9.000
2020-07-23,Macy Pinafore,1,9.000,0.000,0.000,9.000,9.000
2020-07-23,Long Island Top - KNIT,0,0.000,0.000,-9.000,-9.000,-9.000
2020-07-24,Mona Shorts,0,0.000,0.000,-9.000,-9.000,-9.000
2020-07-24,Marlow Dress,0,0.000,0.000,-9.000,-9.000,-9.000
2020-07-24,Louisa Pinafore,0,0.000,0.000,-9.000,-9.000,-9.000
2020-07-24,Angelica Blouse + Dress,0,0.000,0.000,-9.000,-9.000,-9.000
2020-07-25,Camden Dress,0,0.000,0.000,-9.000,-9.000,-9.000
2020-07-25,Ainsley Pinafore,0,0.000,0.000,-9.000,-9.000,-9.540
2020-07-25,Agatha Top + Dress,1,9.000,0.000,-9.000,0.000,0.000
2020-07-25,Louisa Pinafore,0,0.000,0.000,-9.000,-9.000,-9.000
2020-07-25,Penny Blouse,0,0.000,0.000,-9.000,-9.000,-9.540
2020-07-25,Marlow Bundle,0,0.000,0.000,-12.000,-12.000,-12.000
2020-07-26,,0,0.000,0.000,0.000,0.000,0.000
2020-07-27,Louisa Pinafore,0,0.000,0.000,-27.000,-27.000,-27.000
2020-07-27,Macy Pinafore,0,0.000,0.000,-18.000,-18.000,-18.000
2020-07-27,Constance Cape,0,0.000,0.000,-9.000,-9.000,-9.720
2020-07-27,Lola Blouse,0,0.000,0.000,-36.000,-36.000,-36.000
2020-07-27,Marlow Dress,0,0.000,0.000,-18.000,-18.000,-18.540
2020-07-27,Camden Dress,0,0.000,0.000,-18.000,-18.000,-18.720
2020-07-27,Laurel Blouse,0,0.000,0.000,-9.000,-9.000,-9.000
2020-07-27,Duchess Dress,0,0.000,0.000,-18.000,-18.000,-18.000
2020-07-27,Cora Blouse,0,0.000,0.000,-27.000,-27.000,-27.000
2020-07-27,Hazel Tunic,0,0.000,0.000,-9.000,-9.000,-9.000
2020-07-27,Marlow Bundle,0,0.000,0.000,-48.000,-48.000,-48.960
2020-07-27,Penny Blouse,0,0.000,0.000,-18.000,-18.000,-18.000
2020-07-27,Long Island Top - KNIT,0,0.000,0.000,-18.000,-18.000,-18.000
2020-07-27,Hastings Vest,0,0.000,0.000,-9.000,-9.000,-9.000
2020-07-27,Ainsley Pinafore,0,0.000,0.000,-18.000,-18.000,-18.000
2020-07-27,Hillary Skirt,0,0.000,0.000,-8.000,-8.000,-8.000
2020-07-27,Angelica Blouse + Dress,0,0.000,0.000,-18.000,-18.000,-18.000
2020-07-28,Birdie Dress,0,0.000,0.000,-10.000,-10.000,-10.000
2020-07-29,,0,0.000,0.000,0.000,0.000,0.000
2020-07-30,Agatha Top + Dress,1,9.000,0.000,0.000,9.000,9.000
2020-07-31,Melbourne Romper,1,9.000,0.000,0.000,9.000,9.000
2020-08-01,Raine Tote,1,8.000,-8.000,0.000,0.000,0.000
2020-08-01,Hazel Tunic,5,45.000,-45.000,0.000,0.000,0.000
2020-08-01,Louisa Pinafore,27,243.000,-234.000,0.000,9.000,9.000
2020-08-01,Agatha Top + Dress,20,180.000,-166.500,0.000,13.500,13.500
2020-08-01,Camden Dress,18,162.000,-153.000,0.000,9.000,9.000
2020-08-01,Lottie Bonnet,1,6.000,-6.000,0.000,0.000,0.000
2020-08-01,Hillary Skirt,10,80.000,-80.000,0.000,0.000,0.000
2020-08-01,Mae Dress,5,45.000,-45.000,0.000,0.000,0.000
2020-08-01,Melbourne Romper,18,162.000,-153.000,0.000,9.000,9.000
2020-08-01,Cora Blouse,13,117.000,-117.000,0.000,0.000,0.000
2020-08-01,Lola Blouse,13,117.000,-117.000,0.000,0.000,0.000
2020-08-01,Macy Pinafore,11,99.000,-99.000,0.000,0.000,0.000
2020-08-01,Laurel Blouse,11,99.000,-90.000,0.000,9.000,9.000
2020-08-01,Long Island Top - KNIT,11,99.000,-99.000,0.000,0.000,0.000
2020-08-01,Ainsley Pinafore,24,216.000,-202.500,0.000,13.500,13.500
2020-08-01,Hastings Vest,4,36.000,-36.000,0.000,0.000,0.000
2020-08-01,Penny Blouse,11,99.000,-94.500,0.000,4.500,4.500
2020-08-01,Angelica Blouse + Dress,33,297.000,-283.500,0.000,13.500,13.500
2020-08-01,,0,0.000,0.000,-44.000,-44.000,-44.000
2020-08-01,Duchess Dress,12,108.000,-103.500,0.000,4.500,4.500
2020-08-01,Mona Shorts,7,63.000,-58.500,0.000,4.500,4.500
2020-08-01,Marlow Dress,19,171.000,-162.000,0.000,9.000,9.000
2020-08-01,Constance Cape,6,54.000,-54.000,0.000,0.000,0.000
2020-08-01,Marlow Bundle,13,156.000,-123.000,0.000,33.000,33.000
2020-08-01,Birdie Dress,13,130.000,-118.000,0.000,12.000,12.000
2020-08-01,Sadie Skirt,2,16.000,-16.000,0.000,0.000,0.000
2020-08-02,Laurel Blouse,13,117.000,-117.000,0.000,0.000,0.000
2020-08-02,Duchess Dress,21,189.000,-189.000,0.000,0.000,0.000
2020-08-02,Lottie Bonnet,5,30.000,-30.000,0.000,0.000,0.000
2020-08-02,Macy Pinafore,24,216.000,-207.000,0.000,9.000,9.000
2020-08-02,Marlow Dress,38,342.000,-337.500,0.000,4.500,4.500
2020-08-02,Marlow Bundle,20,240.000,-171.000,0.000,69.000,69.000
2020-08-02,Sadie Skirt,2,16.000,-16.000,0.000,0.000,0.000
2020-08-02,Birdie Dress,9,90.000,-81.000,0.000,9.000,9.000
2020-08-02,Hastings Vest,8,72.000,-72.000,0.000,0.000,0.000
2020-08-02,Cora Blouse,9,81.000,-81.000,0.000,0.000,0.000
2020-08-02,Camden Dress,31,279.000,-265.500,0.000,13.500,13.500
2020-08-02,Louisa Pinafore,44,396.000,-378.000,0.000,18.000,18.000
2020-08-02,Constance Cape,14,126.000,-126.000,0.000,0.000,0.000
2020-08-02,Agatha Top + Dress,35,315.000,-315.000,0.000,0.000,0.000
2020-08-02,Hazel Tunic,12,108.000,-108.000,0.000,0.000,0.000
2020-08-02,,0,0.000,0.000,-66.150,-66.150,-66.150
2020-08-02,Angelica Blouse + Dress,35,315.000,-315.000,0.000,0.000,0.000
2020-08-02,Penny Blouse,18,162.000,-162.000,0.000,0.000,0.000
2020-08-02,Melbourne Romper,22,198.000,-198.000,0.000,0.000,0.000
2020-08-02,Ainsley Pinafore,23,207.000,-207.000,0.000,0.000,0.000
2020-08-02,Lola Blouse,22,198.000,-198.000,0.000,0.000,0.000
2020-08-02,Mae Dress,12,108.000,-108.000,0.000,0.000,0.000
2020-08-02,Long Island Top - KNIT,15,135.000,-135.000,0.000,0.000,0.000
2020-08-02,Hillary Skirt,15,120.000,-116.500,0.000,3.500,3.500
2020-08-02,Mona Shorts,11,99.000,-99.000,0.000,0.000,0.000
2020-08-02,Raine Tote,5,40.000,-36.500,0.000,3.500,3.500
2020-08-03,Long Island Top - KNIT,12,108.000,-108.000,0.000,0.000,0.000
2020-08-03,Macy Pinafore,25,225.000,-225.000,0.000,0.000,0.000
2020-08-03,Lola Blouse,14,126.000,-121.500,0.000,4.500,4.500
2020-08-03,Melbourne Romper,24,216.000,-216.000,0.000,0.000,0.000
2020-08-03,Raine Tote,1,8.000,-1.900,0.000,6.100,6.100
2020-08-03,Mae Dress,9,81.000,-81.000,0.000,0.000,0.000
2020-08-03,Hazel Tunic,6,54.000,-54.000,0.000,0.000,0.000
2020-08-03,Lottie Bonnet,2,12.000,-12.000,0.000,0.000,0.000
2020-08-03,Cora Blouse,12,108.000,-93.110,0.000,14.890,14.890
2020-08-03,Laurel Blouse,13,117.000,-117.000,0.000,0.000,0.000
2020-08-03,Duchess Dress,11,99.000,-99.000,0.000,0.000,0.000
2020-08-03,Louisa Pinafore,31,279.000,-246.450,0.000,32.550,32.550
2020-08-03,Camden Dress,30,270.000,-263.130,0.000,6.870,6.870
2020-08-03,Constance Cape,8,72.000,-72.000,0.000,0.000,0.000
2020-08-03,Ainsley Pinafore,17,153.000,-138.850,0.000,14.150,14.150
2020-08-03,Hillary Skirt,11,88.000,-88.000,0.000,0.000,0.000
2020-08-03,Agatha Top + Dress,32,288.000,-277.380,0.000,10.620,10.620
2020-08-03,Marlow Dress,34,306.000,-300.000,0.000,6.000,6.000
2020-08-03,Angelica Blouse + Dress,35,315.000,-288.630,0.000,26.370,26.370
2020-08-03,Hastings Vest,6,54.000,-54.000,0.000,0.000,0.000
2020-08-03,Sadie Skirt,2,16.000,-10.770,0.000,5.230,5.230
2020-08-03,,0,0.000,0.000,-24.000,-24.000,-24.000
2020-08-03,Birdie Dress,13,130.000,-112.740,0.000,17.260,17.260
2020-08-03,Penny Blouse,9,81.000,-81.000,0.000,0.000,0.000
2020-08-03,Mona Shorts,8,72.000,-72.000,0.000,0.000,0.000
2020-08-03,Marlow Bundle,15,180.000,-124.990,0.000,55.010,55.010
2020-08-04,Camden Dress,20,180.000,-174.860,0.000,5.140,5.140
2020-08-04,Louisa Pinafore,19,171.000,-147.600,0.000,23.400,23.400
2020-08-04,,0,0.000,0.000,-38.000,-38.000,-38.000
2020-08-04,Marlow Bundle,11,132.000,-95.140,0.000,36.860,36.860
2020-08-04,Lola Blouse,10,90.000,-90.000,0.000,0.000,0.000
2020-08-04,Birdie Dress,4,40.000,-36.000,0.000,4.000,4.000
2020-08-04,Macy Pinafore,24,216.000,-216.000,0.000,0.000,0.000
2020-08-04,Duchess Dress,10,90.000,-81.000,0.000,9.000,9.000
2020-08-04,Agatha Top + Dress,11,99.000,-99.000,0.000,0.000,0.000
2020-08-04,Hastings Vest,6,54.000,-54.000,0.000,0.000,0.000
2020-08-04,Constance Cape,4,36.000,-36.000,0.000,0.000,0.000
2020-08-04,Hillary Skirt,6,48.000,-48.000,0.000,0.000,0.000
2020-08-04,Hazel Tunic,10,90.000,-90.000,0.000,0.000,0.000
2020-08-04,Ainsley Pinafore,13,117.000,-117.000,0.000,0.000,0.000
2020-08-04,Mona Shorts,6,54.000,-54.000,0.000,0.000,0.000
2020-08-04,Penny Blouse,10,90.000,-90.000,0.000,0.000,0.000
2020-08-04,Mae Dress,5,45.000,-45.000,0.000,0.000,0.000
2020-08-04,Laurel Blouse,5,45.000,-45.000,0.000,0.000,0.000
2020-08-04,Angelica Blouse + Dress,26,234.000,-234.000,0.000,0.000,0.000
2020-08-04,Long Island Top - KNIT,10,90.000,-90.000,0.000,0.000,0.000
2020-08-04,Melbourne Romper,9,81.000,-81.000,0.000,0.000,0.000
2020-08-04,Marlow Dress,18,162.000,-153.000,0.000,9.000,9.000
2020-08-04,Cora Blouse,6,54.000,-54.000,0.000,0.000,0.000
2020-08-05,Hazel Tunic,3,27.000,-27.000,0.000,0.000,0.000
2020-08-05,Mona Shorts,3,27.000,-27.000,0.000,0.000,0.000
2020-08-05,Marlow Bundle,3,36.000,-27.000,0.000,9.000,9.000
2020-08-05,Constance Cape,5,45.000,-45.000,0.000,0.000,0.000
2020-08-05,Hillary Skirt,1,8.000,-8.000,0.000,0.000,0.000
2020-08-05,Hastings Vest,2,18.000,-18.000,0.000,0.000,0.000
2020-08-05,Melbourne Romper,6,54.000,-54.000,0.000,0.000,0.000
2020-08-05,Long Island Top - KNIT,2,18.000,-18.000,0.000,0.000,0.000
2020-08-05,,0,0.000,0.000,-18.000,-18.000,-18.000
2020-08-05,Cora Blouse,2,18.000,-18.000,0.000,0.000,0.000
2020-08-05,Angelica Blouse + Dress,12,108.000,-99.000,0.000,9.000,9.000
2020-08-05,Laurel Blouse,2,18.000,-18.000,0.000,0.000,0.000
2020-08-05,Macy Pinafore,3,27.000,-27.000,0.000,0.000,0.000
2020-08-05,Duchess Dress,2,18.000,-13.500,0.000,4.500,4.500
2020-08-05,Louisa Pinafore,10,90.000,-85.500,0.000,4.500,4.500
2020-08-05,Agatha Top + Dress,6,54.000,-54.000,0.000,0.000,0.000
2020-08-05,Marlow Dress,6,54.000,-54.000,0.000,0.000,0.000
2020-08-05,Ainsley Pinafore,5,45.000,-45.000,0.000,0.000,0.000
2020-08-05,Camden Dress,7,63.000,-63.000,0.000,0.000,0.000
2020-08-05,Mae Dress,3,27.000,-27.000,0.000,0.000,0.000
2020-08-05,Birdie Dress,3,30.000,-27.000,0.000,3.000,3.000
2020-08-05,Penny Blouse,3,27.000,-27.000,0.000,0.000,0.000
2020-08-05,Lola Blouse,6,54.000,-54.000,0.000,0.000,0.000
2020-08-06,Angelica Blouse + Dress,1,9.000,-9.000,0.000,0.000,0.000
2020-08-06,Agatha Top + Dress,2,18.000,-18.000,0.000,0.000,0.000
2020-08-06,Birdie Dress,1,10.000,-9.000,0.000,1.000,1.000
2020-08-06,Louisa Pinafore,2,18.000,-18.000,0.000,0.000,0.000
2020-08-06,Marlow Dress,2,18.000,-18.000,0.000,0.000,0.000
2020-08-06,Camden Dress,2,18.000,-18.000,0.000,0.000,0.000
2020-08-06,Ainsley Pinafore,1,9.000,-9.000,0.000,0.000,0.000
2020-08-06,,0,0.000,0.000,-40.000,-40.000,-40.000
2020-08-06,Hillary Skirt,1,8.000,-8.000,0.000,0.000,0.000
2020-08-06,Macy Pinafore,1,9.000,-9.000,0.000,0.000,0.000
2020-08-06,Long Island Top - KNIT,3,27.000,-27.000,0.000,0.000,0.000
2020-08-07,Duchess Dress,1,9.000,-9.000,0.000,0.000,0.000
2020-08-07,Agatha Top + Dress,1,9.000,-9.000,0.000,0.000,0.000
2020-08-07,Hastings Vest,1,9.000,-9.000,0.000,0.000,0.000
2020-08-07,,0,0.000,0.000,-3.000,-3.000,-3.000
2020-08-07,Ainsley Pinafore,1,9.000,-9.000,0.000,0.000,0.000
2020-08-07,Camden Dress,1,9.000,-9.000,0.000,0.000,0.000
2020-08-07,Marlow Bundle,1,12.000,-9.000,0.000,3.000,3.000
2020-08-08,Constance Cape,1,9.000,-9.000,0.000,0.000,0.000
2020-08-08,Lola Blouse,1,9.000,-9.000,0.000,0.000,0.000
2020-08-08,Penny Blouse,1,9.000,-9.000,0.000,0.000,0.000
2020-08-08,Camden Dress,1,9.000,-9.000,0.000,0.000,0.000
2020-08-08,Macy Pinafore,1,9.000,-9.000,0.000,0.000,0.000
2020-08-08,Melbourne Romper,1,9.000,-9.000,0.000,0.000,0.000
2020-08-08,Duchess Dress,1,9.000,-9.000,0.000,0.000,0.000
2020-08-09,Birdie Dress,1,10.000,-9.000,0.000,1.000,1.000
2020-08-09,Melbourne Romper,1,9.000,-9.000,0.000,0.000,0.000
2020-08-09,Marlow Dress,1,9.000,-9.000,0.000,0.000,0.000
2020-08-10,Marlow Dress,3,27.000,-27.000,0.000,0.000,0.000
2020-08-10,Laurel Blouse,1,9.000,0.000,0.000,9.000,9.000
2020-08-10,Marlow Bundle,1,12.000,0.000,0.000,12.000,12.000
2020-08-11,Marlow Dress,1,9.000,-9.000,0.000,0.000,0.000
2020-08-11,Constance Cape,1,9.000,-9.000,0.000,0.000,0.000
2020-08-12,Penny Blouse,1,9.000,-9.000,0.000,0.000,0.000
2020-08-12,Camden Dress,1,9.000,-9.000,0.000,0.000,0.000
2020-08-13,Cora Blouse,1,9.000,-9.000,0.000,0.000,0.000
2020-08-14,,0,0.000,0.000,0.000,0.000,0.000
2020-08-15,Marlow Bundle,1,12.000,-9.000,0.000,3.000,3.000
2020-08-15,Macy Pinafore,1,9.000,-9.000,0.000,0.000,0.000
2020-08-15,Ainsley Pinafore,1,9.000,0.000,0.000,9.000,9.000
2020-08-16,Long Island Top - KNIT,1,9.000,-9.000,0.000,0.000,0.000
2020-08-17,Duchess Dress,1,9.000,-9.000,0.000,0.000,0.000
2020-08-18,Camden Dress,1,9.000,0.000,0.000,9.000,9.000
2020-08-18,Laurel Blouse,1,9.000,0.000,0.000,9.000,9.000
2020-08-18,Lola Blouse,2,18.000,0.000,0.000,18.000,18.000
2020-08-18,Duchess Dress,1,9.000,0.000,0.000,9.000,9.000
2020-08-19,,0,0.000,0.000,0.000,0.000,0.000
2020-08-20,Cora Blouse,1,9.000,-9.000,0.000,0.000,0.000
2020-08-21,Mona Shorts,1,9.000,0.000,0.000,9.000,9.000
2020-08-21,Angelica Blouse + Dress,1,9.000,0.000,0.000,9.000,9.000
2020-08-21,Livie Tank + Dress,77,539.000,-179.500,0.000,359.500,361.760
2020-08-22,Penny Blouse,1,9.000,0.000,0.000,9.000,9.000
2020-08-22,Camden Dress,1,9.000,0.000,0.000,9.000,9.000
2020-08-22,Lola Blouse,1,9.000,0.000,0.000,9.000,9.000
2020-08-22,Melbourne Romper,1,9.000,-9.000,0.000,0.000,0.000
2020-08-22,Agatha Top + Dress,2,18.000,0.000,0.000,18.000,18.000
2020-08-22,Marlow Bundle,1,12.000,0.000,0.000,12.000,12.000
2020-08-22,Louisa Pinafore,1,9.000,0.000,0.000,9.000,9.000
2020-08-22,Livie Tank + Dress,41,287.000,-75.000,0.000,212.000,212.780
2020-08-22,Angelica Blouse + Dress,1,9.000,0.000,0.000,9.000,9.000
2020-08-22,Birdie Dress,1,10.000,0.000,0.000,10.000,10.000
2020-08-22,Cora Blouse,1,9.000,0.000,0.000,9.000,9.000
2020-08-23,Camden Dress,1,9.000,0.000,0.000,9.000,9.000
2020-08-23,Livie Tank + Dress,19,133.000,-34.500,0.000,98.500,98.990
2020-08-24,Penny Blouse,1,9.000,0.000,0.000,9.000,9.000
2020-08-24,Camden Dress,1,9.000,0.000,0.000,9.000,9.000
2020-08-24,Angelica Blouse + Dress,1,9.000,-9.000,0.000,0.000,0.000
2020-08-24,Livie Tank + Dress,12,92.000,-26.000,0.000,66.000,66.360
2020-08-24,Marlow Dress,1,9.000,0.000,0.000,9.000,9.000
2020-08-24,Louisa Pinafore,1,9.000,0.000,0.000,9.000,9.000
2020-08-25,Cora Blouse,1,9.000,-9.000,0.000,0.000,0.000
2020-08-25,Livie Tank + Dress,3,27.000,-12.000,0.000,15.000,15.000
2020-08-26,,0,0.000,0.000,0.000,0.000,0.000
2020-08-27,Constance Cape,1,9.000,0.000,0.000,9.000,9.000
2020-08-28,Livie Tank + Dress,1,9.000,0.000,0.000,9.000,9.000
2020-08-29,Livie Tank + Dress,1,9.000,0.000,0.000,9.000,9.000
2020-08-29,,0,0.000,0.000,-3.000,-3.000,-3.000
2020-08-30,Marlow Dress,1,9.000,0.000,0.000,9.000,9.720
2020-08-30,Livie Tank + Dress,1,9.000,0.000,0.000,9.000,9.000
2020-08-31,Sadie Skirt,1,8.000,0.000,-8.000,0.000,0.000
2020-09-01,Marlow Bundle,1,12.000,0.000,0.000,12.000,12.840
2020-09-01,Livie Tank + Dress,1,9.000,0.000,0.000,9.000,9.630
2020-09-01,Sadie Skirt,1,8.000,0.000,0.000,8.000,8.560
2020-09-02,Livie Tank + Dress,1,9.000,0.000,0.000,9.000,9.000
2020-09-03,,0,0.000,0.000,0.000,0.000,0.000
2020-09-04,Laurel Blouse,1,9.000,0.000,0.000,9.000,9.000
2020-09-05,,0,0.000,0.000,0.000,0.000,0.000
2020-09-06,,0,0.000,0.000,0.000,0.000,0.000
2020-09-07,,0,0.000,0.000,0.000,0.000,0.000
2020-09-08,Camden Dress,1,9.000,0.000,0.000,9.000,9.000
2020-09-08,Ainsley Pinafore,1,9.000,0.000,0.000,9.000,9.000
2020-09-08,Cora Blouse,1,9.000,0.000,0.000,9.000,9.000
2020-09-09,Constance Cape,1,9.000,0.000,0.000,9.000,9.000
2020-09-09,Camden Dress,1,9.000,0.000,0.000,9.000,9.000
2020-09-10,,0,0.000,0.000,0.000,0.000,0.000
2020-09-11,Mona Shorts,1,9.000,0.000,0.000,9.000,9.000
2020-09-12,,0,0.000,0.000,0.000,0.000,0.000
2020-09-13,,0,0.000,0.000,0.000,0.000,0.000
2020-09-14,Marlow Bundle,1,12.000,0.000,0.000,12.000,12.000
2020-09-14,Hillary Skirt,1,8.000,0.000,0.000,8.000,8.000
2020-09-14,Camden Dress,1,9.000,0.000,0.000,9.000,9.000
2020-09-15,,0,0.000,0.000,0.000,0.000,0.000
2020-09-16,,0,0.000,0.000,0.000,0.000,0.000
2020-09-17,Constance Cape,1,9.000,0.000,0.000,9.000,9.000
2020-09-17,Camden Dress,1,9.000,0.000,0.000,9.000,9.000
2020-09-17,Livie Tank + Dress,2,18.000,0.000,0.000,18.000,18.000
2020-09-18,,0,0.000,0.000,0.000,0.000,0.000
2020-09-19,,0,0.000,0.000,0.000,0.000,0.000
2020-09-20,Melbourne Romper,1,9.000,0.000,0.000,9.000,9.000
2020-09-21,Camden Dress,1,9.000,0.000,0.000,9.000,9.000
2020-09-21,Marlow Dress,1,9.000,0.000,0.000,9.000,9.000
2020-09-22,Constance Cape,1,9.000,0.000,0.000,9.000,9.000
2020-09-23,Louisa Pinafore,1,9.000,0.000,0.000,9.000,9.000
2020-09-23,Angelica Blouse + Dress,1,9.000,0.000,0.000,9.000,9.000
2020-09-24,Marlow Dress,1,9.000,0.000,0.000,9.000,9.000
2020-09-25,,0,0.000,0.000,0.000,0.000,0.000
2020-09-26,,0,0.000,0.000,0.000,0.000,0.000
2020-09-27,,0,0.000,0.000,0.000,0.000,0.000
2020-09-28,Camden Dress,1,9.000,0.000,0.000,9.000,9.000
2020-09-28,Louisa Pinafore,1,9.000,0.000,0.000,9.000,9.000
2020-09-29,Macy Pinafore,1,9.000,0.000,0.000,9.000,9.000
2020-09-30,,0,0.000,0.000,0.000,0.000,0.000
2020-10-01,Louisa Pinafore,1,9.000,0.000,0.000,9.000,9.000
2020-10-01,Cora Blouse,1,9.000,0.000,0.000,9.000,9.000
2020-10-02,,0,0.000,0.000,0.000,0.000,0.000
2020-10-03,Melbourne Romper,1,9.000,0.000,0.000,9.000,9.000
2020-10-04,,0,0.000,0.000,0.000,0.000,0.000
2020-10-05,,0,0.000,0.000,0.000,0.000,0.000
2020-10-06,,0,0.000,0.000,0.000,0.000,0.000
2020-10-07,,0,0.000,0.000,0.000,0.000,0.000
2020-10-08,,0,0.000,0.000,0.000,0.000,0.000
2020-10-09,,0,0.000,0.000,0.000,0.000,0.000
2020-10-10,,0,0.000,0.000,0.000,0.000,0.000
2020-10-11,Hazel Tunic,1,9.000,0.000,0.000,9.000,9.000
2020-10-11,Penny Blouse,1,9.000,0.000,0.000,9.000,9.000
2020-10-11,Long Island Top - KNIT,1,9.000,0.000,0.000,9.000,9.000
2020-10-12,,0,0.000,0.000,0.000,0.000,0.000
2020-10-13,Melbourne Romper,1,9.000,0.000,0.000,9.000,9.000
2020-10-14,Livie Tank + Dress,1,9.000,0.000,0.000,9.000,9.000
2020-10-14,Louisa Pinafore,1,9.000,0.000,0.000,9.000,9.000
2020-10-15,,0,0.000,0.000,0.000,0.000,0.000
2020-10-16,Louisa Pinafore,1,9.000,0.000,0.000,9.000,9.000
2020-10-17,,0,0.000,0.000,0.000,0.000,0.000
2020-10-18,,0,0.000,0.000,0.000,0.000,0.000
2020-10-19,Livie Tank + Dress,1,9.000,0.000,0.000,9.000,9.000
2020-10-20,,0,0.000,0.000,0.000,0.000,0.000
2020-10-21,,0,0.000,0.000,0.000,0.000,0.000
2020-10-22,,0,0.000,0.000,0.000,0.000,0.000
2020-10-23,Macy Pinafore,1,9.000,0.000,0.000,9.000,9.000
2020-10-23,Marlow Dress,1,9.000,0.000,0.000,9.000,9.000
2020-10-24,Constance Cape,1,9.000,0.000,0.000,9.000,9.000
2020-10-25,,0,0.000,0.000,0.000,0.000,0.000
2020-10-26,,0,0.000,0.000,0.000,0.000,0.000
2020-10-27,,0,0.000,0.000,0.000,0.000,0.000
2020-10-28,Camden Dress,1,9.000,0.000,0.000,9.000,9.000
2020-10-29,,0,0.000,0.000,0.000,0.000,0.000
2020-10-30,,0,0.000,0.000,0.000,0.000,0.000
2020-10-31,Marlow Bundle,1,12.000,0.000,0.000,12.000,12.000
2020-11-01,Sadie Skirt,1,8.000,0.000,0.000,8.000,8.000
2020-11-01,Livie Tank + Dress,1,9.000,0.000,0.000,9.000,9.000
2020-11-02,Marlow Dress,1,9.000,0.000,0.000,9.000,9.000
2020-11-02,Ainsley Pinafore,1,9.000,0.000,0.000,9.000,9.000
2020-11-03,,0,0.000,0.000,0.000,0.000,0.000
2020-11-04,Constance Cape,1,9.000,0.000,0.000,9.000,9.000
2020-11-05,,0,0.000,0.000,0.000,0.000,0.000
2020-11-06,,0,0.000,0.000,0.000,0.000,0.000
2020-11-07,,0,0.000,0.000,0.000,0.000,0.000
2020-11-08,Macy Pinafore,1,9.000,0.000,0.000,9.000,9.000
2020-11-09,,0,0.000,0.000,0.000,0.000,0.000
2020-11-10,,0,0.000,0.000,0.000,0.000,0.000
2020-11-11,Melbourne Romper,1,9.000,0.000,0.000,9.000,9.000
2020-11-12,Camden Dress,1,9.000,0.000,0.000,9.000,9.000
2020-11-12,Macy Pinafore,1,9.000,0.000,0.000,9.000,9.000
2020-11-13,,0,0.000,0.000,0.000,0.000,0.000
2020-11-14,Duchess Dress,1,9.000,0.000,0.000,9.000,9.000
2020-11-14,Camden Dress,1,9.000,0.000,0.000,9.000,9.000
2020-11-15,Lola Blouse,1,9.000,0.000,0.000,9.000,9.000
2020-11-16,,0,0.000,0.000,0.000,0.000,0.000
2020-11-17,,0,0.000,0.000,0.000,0.000,0.000
2020-11-18,,0,0.000,0.000,0.000,0.000,0.000
2020-11-19,,0,0.000,0.000,0.000,0.000,0.000
2020-11-20,Livie Tank + Dress,1,9.000,0.000,0.000,9.000,9.000
2020-11-21,,0,0.000,0.000,0.000,0.000,0.000
2020-11-22,Louisa Pinafore,1,9.000,0.000,0.000,9.000,9.000
2020-11-23,,0,0.000,0.000,0.000,0.000,0.000
2020-11-24,,0,0.000,0.000,0.000,0.000,0.000
2020-11-25,,0,0.000,0.000,0.000,0.000,0.000
2020-11-26,,0,0.000,0.000,0.000,0.000,0.000
2020-11-27,Melbourne Romper,1,9.000,-3.600,0.000,5.400,5.400
2020-11-27,Camden Dress,1,9.000,-3.600,0.000,5.400,5.400
2020-11-27,Hastings Vest,1,9.000,-3.600,0.000,5.400,5.400
2020-11-27,Penny Blouse,2,18.000,-7.200,0.000,10.800,10.800
2020-11-27,Louisa Pinafore,2,18.000,-7.200,0.000,10.800,10.800
2020-11-27,Ainsley Pinafore,1,9.000,-3.600,0.000,5.400,5.400
2020-11-27,Marlow Dress,2,18.000,-7.200,0.000,10.800,10.800
2020-11-27,Livie Tank + Dress,1,9.000,-3.600,0.000,5.400,5.400
2020-11-27,Angelica Blouse + Dress,3,27.000,-10.800,0.000,16.200,16.200
2020-11-27,Sadie Skirt,1,8.000,-3.200,0.000,4.800,4.800
2020-11-27,Agatha Top + Dress,1,9.000,-3.600,0.000,5.400,5.840
2020-11-27,Laurel Blouse,1,9.000,-3.600,0.000,5.400,5.400
2020-11-27,Duchess Dress,2,18.000,-7.200,0.000,10.800,10.800
2020-11-27,Mona Shorts,1,9.000,-3.600,0.000,5.400,5.400
2020-11-28,Livie Tank + Dress,2,18.000,-3.600,0.000,14.400,14.400
2020-11-28,Hazel Tunic,1,9.000,0.000,0.000,9.000,9.000
2020-11-28,Birdie Dress,1,10.000,-4.000,0.000,6.000,6.000
2020-11-28,Angelica Blouse + Dress,1,9.000,-3.600,0.000,5.400,5.400
2020-11-29,,0,0.000,0.000,0.000,0.000,0.000
2020-11-30,,0,0.000,0.000,0.000,0.000,0.000
2020-12-01,,0,0.000,0.000,0.000,0.000,0.000
2020-12-02,Lola Blouse,1,9.000,0.000,0.000,9.000,9.000
2020-12-02,Melbourne Romper,1,9.000,0.000,0.000,9.000,9.000
2020-12-02,Mona Shorts,1,9.000,0.000,0.000,9.000,9.000
2020-12-03,,0,0.000,0.000,0.000,0.000,0.000
2020-12-04,,0,0.000,0.000,0.000,0.000,0.000
2020-12-05,Marlow Bundle,1,12.000,0.000,0.000,12.000,12.000
2020-12-06,,0,0.000,0.000,0.000,0.000,0.000
2020-12-07,,0,0.000,0.000,0.000,0.000,0.000
2020-12-08,,0,0.000,0.000,0.000,0.000,0.000
2020-12-09,,0,0.000,0.000,0.000,0.000,0.000
2020-12-10,Constance Cape,1,9.000,0.000,0.000,9.000,9.000
2020-12-11,,0,0.000,0.000,0.000,0.000,0.000
2020-12-12,,0,0.000,0.000,0.000,0.000,0.000
2020-12-13,,0,0.000,0.000,0.000,0.000,0.000
2020-12-14,,0,0.000,0.000,0.000,0.000,0.000
2020-12-15,,0,0.000,0.000,0.000,0.000,0.000
2020-12-16,,0,0.000,0.000,0.000,0.000,0.000
2020-12-17,,0,0.000,0.000,0.000,0.000,0.000
2020-12-18,,0,0.000,0.000,0.000,0.000,0.000
2020-12-19,,0,0.000,0.000,0.000,0.000,0.000
2020-12-20,,0,0.000,0.000,0.000,0.000,0.000
2020-12-21,,0,0.000,0.000,0.000,0.000,0.000
2020-12-22,,0,0.000,0.000,0.000,0.000,0.000
2020-12-23,,0,0.000,0.000,0.000,0.000,0.000
2020-12-24,,0,0.000,0.000,0.000,0.000,0.000
2020-12-25,,0,0.000,0.000,0.000,0.000,0.000
2020-12-26,,0,0.000,0.000,0.000,0.000,0.000
2020-12-27,,0,0.000,0.000,0.000,0.000,0.000
2020-12-28,,0,0.000,0.000,0.000,0.000,0.000
2020-12-29,Camden Dress,1,9.000,0.000,0.000,9.000,9.000
2020-12-29,Constance Cape,1,9.000,0.000,0.000,9.000,9.000
2020-12-30,,0,0.000,0.000,0.000,0.000,0.000
2020-12-31,,0,0.000,0.000,0.000,0.000,0.000
2021-01-01,,0,0.000,0.000,0.000,0.000,0.000
2021-01-02,Macy Pinafore,1,9.000,0.000,0.000,9.000,9.000
2021-01-03,,0,0.000,0.000,0.000,0.000,0.000
2021-01-04,,0,0.000,0.000,0.000,0.000,0.000
2021-01-05,Angelica Blouse + Dress,1,9.000,0.000,0.000,9.000,9.000
2021-01-05,Camden Dress,1,9.000,0.000,0.000,9.000,9.000
2021-01-06,,0,0.000,0.000,0.000,0.000,0.000
2021-01-07,,0,0.000,0.000,0.000,0.000,0.000
2021-01-08,Cora Blouse,1,9.000,0.000,0.000,9.000,9.000
2021-01-09,,0,0.000,0.000,0.000,0.000,0.000
2021-01-10,Birdie Dress,1,10.000,0.000,0.000,10.000,10.000
2021-01-10,Angelica Blouse + Dress,1,9.000,0.000,0.000,9.000,9.000
2021-01-11,,0,0.000,0.000,0.000,0.000,0.000
2021-01-12,Long Island Top - KNIT,1,9.000,0.000,0.000,9.000,9.000
2021-01-13,,0,0.000,0.000,0.000,0.000,0.000
2021-01-14,,0,0.000,0.000,0.000,0.000,0.000
2021-01-15,Camden Dress,1,9.000,0.000,0.000,9.000,9.000
2021-01-15,Marlow Dress,1,9.000,0.000,0.000,9.000,9.000
2021-01-15,Marlow Bundle,1,12.000,0.000,0.000,12.000,12.000
2021-01-16,,0,0.000,0.000,0.000,0.000,0.000
2021-01-17,,0,0.000,0.000,0.000,0.000,0.000
2021-01-18,Melbourne Romper,1,9.000,0.000,0.000,9.000,9.720
2021-01-19,,0,0.000,0.000,0.000,0.000,0.000
2021-01-20,,0,0.000,0.000,0.000,0.000,0.000
2021-01-21,,0,0.000,0.000,0.000,0.000,0.000
2021-01-22,,0,0.000,0.000,0.000,0.000,0.000
2021-01-23,Cora Blouse,1,9.000,0.000,0.000,9.000,9.000
2021-01-23,Mona Shorts,1,9.000,0.000,0.000,9.000,9.000
2021-01-24,,0,0.000,0.000,0.000,0.000,0.000
2021-01-25,,0,0.000,0.000,0.000,0.000,0.000
2021-01-26,,0,0.000,0.000,0.000,0.000,0.000
2021-01-27,Camden Dress,1,9.000,0.000,0.000,9.000,9.000
2021-01-27,Sadie Skirt,1,8.000,0.000,0.000,8.000,8.000
2021-01-27,Lola Blouse,1,9.000,0.000,0.000,9.000,9.000
2021-01-28,Camden Dress,1,9.000,0.000,0.000,9.000,9.000
2021-01-29,,0,0.000,0.000,0.000,0.000,0.000
2021-01-30,,0,0.000,0.000,0.000,0.000,0.000
2021-01-31,,0,0.000,0.000,0.000,0.000,0.000
2021-02-01,,0,0.000,0.000,0.000,0.000,0.000
2021-02-02,,0,0.000,0.000,0.000,0.000,0.000
2021-02-03,Ainsley Pinafore,1,9.000,0.000,0.000,9.000,9.000
2021-02-04,,0,0.000,0.000,0.000,0.000,0.000
2021-02-05,,0,0.000,0.000,0.000,0.000,0.000
2021-02-06,,0,0.000,0.000,0.000,0.000,0.000
2021-02-07,,0,0.000,0.000,0.000,0.000,0.000
2021-02-08,,0,0.000,0.000,0.000,0.000,0.000
2021-02-09,Marlow Dress,1,9.000,0.000,0.000,9.000,9.000
2021-02-10,Sadie Skirt,1,8.000,0.000,0.000,8.000,8.480
2021-02-11,,0,0.000,0.000,0.000,0.000,0.000
2021-02-12,Camden Dress,1,9.000,0.000,0.000,9.000,9.000
2021-02-13,Angelica Blouse + Dress,2,18.000,0.000,0.000,18.000,18.000
2021-02-14,Angelica Blouse + Dress,1,9.000,0.000,0.000,9.000,9.000
2021-02-15,,0,0.000,0.000,0.000,0.000,0.000
2021-02-16,Cora Blouse,1,9.000,0.000,0.000,9.000,9.000
2021-02-17,Angelica Blouse + Dress,1,9.000,0.000,0.000,9.000,9.000
2021-02-18,,0,0.000,0.000,0.000,0.000,0.000
2021-02-19,,0,0.000,0.000,0.000,0.000,0.000
2021-02-20,Cora Blouse,1,9.000,0.000,0.000,9.000,9.000
2021-02-20,Marlow Bundle,1,12.000,0.000,0.000,12.000,12.000
2021-02-20,Angelica Blouse + Dress,1,9.000,0.000,0.000,9.000,9.000
2021-02-21,,0,0.000,0.000,0.000,0.000,0.000
2021-02-22,,0,0.000,0.000,0.000,0.000,0.000
2021-02-23,Marlow Bundle,1,12.000,0.000,0.000,12.000,12.000
2021-02-24,,0,0.000,0.000,0.000,0.000,0.000
2021-02-25,Marlow Bundle,1,12.000,0.000,0.000,12.000,12.000
2021-02-25,Louisa Pinafore,1,9.000,0.000,0.000,9.000,9.000
2021-02-26,,0,0.000,0.000,0.000,0.000,0.000
2021-02-27,Penny Blouse,1,9.000,0.000,0.000,9.000,9.000
2021-02-28,Camden Dress,1,9.000,0.000,0.000,9.000,9.000
2021-02-28,Louisa Pinafore,1,9.000,0.000,0.000,9.000,9.000
2021-02-28,Livie Tank + Dress,1,9.000,0.000,0.000,9.000,9.000
2021-03-01,,0,0.000,0.000,0.000,0.000,0.000
2021-03-02,,0,0.000,0.000,0.000,0.000,0.000
2021-03-03,,0,0.000,0.000,0.000,0.000,0.000
2021-03-04,Louisa Pinafore,1,9.000,0.000,0.000,9.000,9.000
2021-03-04,Ainsley Pinafore,1,9.000,0.000,0.000,9.000,9.000
2021-03-04,Marlow Bundle,1,12.000,0.000,0.000,12.000,12.000
2021-03-04,Cora Blouse,1,9.000,0.000,0.000,9.000,9.000
2021-03-04,Agatha Top + Dress,1,9.000,0.000,0.000,9.000,9.000
2021-03-05,,0,0.000,0.000,0.000,0.000,0.000
2021-03-06,,0,0.000,0.000,0.000,0.000,0.000
2021-03-07,,0,0.000,0.000,0.000,0.000,0.000
2021-03-08,,0,0.000,0.000,0.000,0.000,0.000
2021-03-09,,0,0.000,0.000,0.000,0.000,0.000
2021-03-10,,0,0.000,0.000,0.000,0.000,0.000
2021-03-11,USPS - A0 file,1,8.000,0.000,0.000,8.000,8.000
2021-03-11,Camden Dress,1,9.000,0.000,0.000,9.000,9.000
2021-03-12,Ainsley Pinafore,1,9.000,0.000,0.000,9.000,9.000
2021-03-13,,0,0.000,0.000,0.000,0.000,0.000
2021-03-14,,0,0.000,0.000,0.000,0.000,0.000
2021-03-15,Hillary Skirt,1,8.000,0.000,0.000,8.000,8.000
2021-03-15,Penny Blouse,1,9.000,0.000,0.000,9.000,9.000
2021-03-16,Clara Bows,1,6.000,0.000,0.000,6.000,6.000
2021-03-17,,0,0.000,0.000,0.000,0.000,0.000
2021-03-18,,0,0.000,0.000,0.000,0.000,0.000
2021-03-19,,0,0.000,0.000,0.000,0.000,0.000
2021-03-20,,0,0.000,0.000,0.000,0.000,0.000
2021-03-21,,0,0.000,0.000,0.000,0.000,0.000
2021-03-22,Laurel Blouse,1,9.000,0.000,0.000,9.000,9.000
2021-03-23,,0,0.000,0.000,0.000,0.000,0.000
2021-03-24,Macy Pinafore,1,9.000,0.000,0.000,9.000,9.000
2021-03-24,Marlow Dress,1,9.000,0.000,0.000,9.000,9.000
2021-03-24,Penny Blouse,1,9.000,0.000,0.000,9.000,9.000
2021-03-24,Ainsley Pinafore,1,9.000,0.000,0.000,9.000,9.000
2021-03-25,,0,0.000,0.000,0.000,0.000,0.000
2021-03-26,,0,0.000,0.000,0.000,0.000,0.000
2021-03-27,Livie Tank + Dress,1,9.000,0.000,0.000,9.000,9.000
2021-03-28,,0,0.000,0.000,0.000,0.000,0.000
2021-03-29,,0,0.000,0.000,0.000,0.000,0.000
2021-03-30,,0,0.000,0.000,0.000,0.000,0.000
2021-03-31,Duchess Dress,1,9.000,0.000,0.000,9.000,9.000
2021-03-31,Agatha Top + Dress,1,9.000,0.000,0.000,9.000,9.000
2021-04-01,Angelica Blouse + Dress,1,9.000,0.000,0.000,9.000,9.000
2021-04-02,,0,0.000,0.000,0.000,0.000,0.000
2021-04-03,Hastings Vest,1,9.000,0.000,0.000,9.000,9.000
2021-04-04,Camden Dress,1,9.000,0.000,0.000,9.000,9.000
2021-04-05,,0,0.000,0.000,0.000,0.000,0.000
2021-04-06,Lola Blouse,1,9.000,0.000,0.000,9.000,9.720
2021-04-06,Laurel Blouse,1,9.000,0.000,0.000,9.000,9.720
2021-04-07,,0,0.000,0.000,0.000,0.000,0.000
2021-04-08,,0,0.000,0.000,0.000,0.000,0.000
2021-04-09,,0,0.000,0.000,0.000,0.000,0.000
2021-04-10,,0,0.000,0.000,0.000,0.000,0.000
2021-04-11,Penny Blouse,1,9.000,0.000,0.000,9.000,9.000
2021-04-12,,0,0.000,0.000,0.000,0.000,0.000
2021-04-13,Angelica Blouse + Dress,1,9.000,0.000,0.000,9.000,9.000
2021-04-14,,0,0.000,0.000,0.000,0.000,0.000
2021-04-15,,0,0.000,0.000,0.000,0.000,0.000
2021-04-16,,0,0.000,0.000,0.000,0.000,0.000
2021-04-17,Hillary Skirt,1,8.000,0.000,0.000,8.000,8.000
2021-04-17,Sadie Skirt,1,8.000,0.000,0.000,8.000,8.000
2021-04-18,,0,0.000,0.000,0.000,0.000,0.000
2021-04-19,,0,0.000,0.000,0.000,0.000,0.000
2021-04-20,,0,0.000,0.000,0.000,0.000,0.000
2021-04-21,,0,0.000,0.000,0.000,0.000,0.000
2021-04-22,Angelica Blouse + Dress,1,9.000,0.000,0.000,9.000,9.000
2021-04-23,,0,0.000,0.000,0.000,0.000,0.000
2021-04-24,,0,0.000,0.000,0.000,0.000,0.000
2021-04-25,,0,0.000,0.000,0.000,0.000,0.000
2021-04-26,,0,0.000,0.000,0.000,0.000,0.000
2021-04-27,Camden Dress,1,9.000,0.000,0.000,9.000,9.000
2021-04-28,,0,0.000,0.000,0.000,0.000,0.000
2021-04-29,,0,0.000,0.000,0.000,0.000,0.000
2021-04-30,,0,0.000,0.000,0.000,0.000,0.000
2021-05-01,,0,0.000,0.000,0.000,0.000,0.000
2021-05-02,,0,0.000,0.000,0.000,0.000,0.000
2021-05-03,Long Island Top - KNIT,1,9.000,0.000,0.000,9.000,9.000
2021-05-03,Camden Dress,1,9.000,0.000,0.000,9.000,9.000
2021-05-03,Constance Cape,1,9.000,0.000,0.000,9.000,9.000
2021-05-04,Camden Dress,1,6.000,0.000,0.000,6.000,6.000
2021-05-05,Camden Dress,1,6.000,0.000,0.000,6.000,6.000
2021-05-05,Duchess Dress,1,9.000,0.000,0.000,9.000,9.000
2021-05-05,Marlow Bundle,1,12.000,0.000,0.000,12.000,12.000
2021-05-06,Sadie Skirt,2,16.000,0.000,0.000,16.000,16.000
2021-05-06,Agatha Top + Dress,1,9.000,0.000,0.000,9.000,9.000
2021-05-06,Marlow Dress,1,9.000,0.000,0.000,9.000,9.000
2021-05-06,Livie Tank + Dress,1,9.000,0.000,0.000,9.000,9.000
2021-05-06,Camden Dress,1,6.000,0.000,0.000,6.000,6.000
2021-05-07,Bordeaux Peplum + Dress - KNIT,20,180.000,0.000,0.000,180.000,181.520
2021-05-07,Long Island Top - KNIT,8,72.000,-36.000,0.000,36.000,36.000
2021-05-07,Camden Dress,1,6.000,0.000,0.000,6.000,6.000
2021-05-07,Bordeaux Peplum + Dress,1,9.000,0.000,0.000,9.000,9.000
2021-05-08,,0,0.000,0.000,-4.500,-4.500,-4.500
2021-05-08,Mae Dress,1,9.000,0.000,0.000,9.000,9.000
2021-05-08,Long Island Top - KNIT,7,63.000,-27.000,0.000,36.000,36.000
2021-05-08,Bordeaux Peplum + Dress - KNIT,13,117.000,0.000,0.000,117.000,117.630
2021-05-09,Bordeaux Peplum + Dress - KNIT,7,72.000,0.000,0.000,72.000,72.000
2021-05-09,,0,0.000,0.000,-4.500,-4.500,-4.500
2021-05-09,Long Island Top - KNIT,3,27.000,-13.500,0.000,13.500,13.500
2021-05-10,Bordeaux Peplum + Dress - KNIT,2,18.000,0.000,0.000,18.000,18.540
2021-05-10,Angelica Blouse + Dress,1,9.000,0.000,0.000,9.000,9.000
2021-05-10,Camden Dress,1,6.000,0.000,0.000,6.000,6.000
2021-05-11,,0,0.000,0.000,0.000,0.000,0.000
2021-05-12,,0,0.000,0.000,0.000,0.000,0.000
2021-05-13,,0,0.000,0.000,0.000,0.000,0.000
2021-05-14,,0,0.000,0.000,0.000,0.000,0.000
2021-05-15,,0,0.000,0.000,0.000,0.000,0.000
2021-05-16,Marlow Bundle,1,12.000,0.000,0.000,12.000,12.000
2021-05-16,Camden Dress,1,6.000,0.000,0.000,6.000,6.000
2021-05-16,Angelica Blouse + Dress,1,9.000,0.000,0.000,9.000,9.000
2021-05-17,,0,0.000,0.000,0.000,0.000,0.000
2021-05-18,,0,0.000,0.000,0.000,0.000,0.000
2021-05-19,,0,0.000,0.000,0.000,0.000,0.000
2021-05-20,Sadie Skirt,1,8.000,0.000,0.000,8.000,8.000
2021-05-20,Lottie Bonnet,1,6.000,0.000,0.000,6.000,6.000
2021-05-21,,0,0.000,0.000,0.000,0.000,0.000
2021-05-22,,0,0.000,0.000,0.000,0.000,0.000
2021-05-23,,0,0.000,0.000,0.000,0.000,0.000
2021-05-24,,0,0.000,0.000,0.000,0.000,0.000
2021-05-25,Duchess Dress,1,9.000,0.000,0.000,9.000,9.000
2021-05-26,,0,0.000,0.000,0.000,0.000,0.000
2021-05-27,,0,0.000,0.000,0.000,0.000,0.000
2021-05-28,Louisa Pinafore,1,9.000,0.000,0.000,9.000,9.000
2021-05-29,,0,0.000,0.000,0.000,0.000,0.000
2021-05-30,,0,0.000,0.000,0.000,0.000,0.000
2021-05-31,,0,0.000,0.000,0.000,0.000,0.000
2021-06-01,Sadie Skirt,1,8.000,0.000,0.000,8.000,8.000
2021-06-02,,0,0.000,0.000,0.000,0.000,0.000
2021-06-03,Bordeaux Peplum + Dress - KNIT,1,9.000,0.000,0.000,9.000,9.000
2021-06-04,,0,0.000,0.000,0.000,0.000,0.000
2021-06-05,Laurel Blouse,1,9.000,0.000,0.000,9.000,9.000
2021-06-05,Duchess Dress,1,9.000,0.000,0.000,9.000,9.000
2021-06-06,,0,0.000,0.000,0.000,0.000,0.000
2021-06-07,Bordeaux Peplum + Dress - KNIT,2,18.000,0.000,0.000,18.000,18.000
2021-06-07,Ainsley Pinafore,2,18.000,-6.300,0.000,11.700,11.700
2021-06-07,Penny Blouse,1,9.000,-3.150,0.000,5.850,5.850
2021-06-07,Hastings Vest,1,9.000,-3.150,0.000,5.850,5.850
2021-06-07,Agatha Top + Dress,3,27.000,-9.450,0.000,17.550,17.550
2021-06-07,Long Island Top - KNIT,3,27.000,-9.450,0.000,17.550,18.070
2021-06-07,Macy Pinafore,2,18.000,-6.300,0.000,11.700,11.700
2021-06-07,Laurel Blouse,4,36.000,-12.600,0.000,23.400,23.400
2021-06-07,Lottie Bonnet,1,6.000,-2.100,0.000,3.900,3.900
2021-06-07,Marlow Bundle,3,36.000,-12.600,0.000,23.400,23.400
2021-06-07,Mae Dress,1,9.000,-3.150,0.000,5.850,5.850
2021-06-07,Lola Blouse,3,27.000,-9.450,0.000,17.550,17.550
2021-06-07,Angelica Blouse + Dress,3,27.000,-9.450,0.000,17.550,17.550
2021-06-07,Camden Dress,3,18.000,-6.300,0.000,11.700,11.700
2021-06-07,Livie Tank + Dress,2,18.000,-6.300,0.000,11.700,11.700
2021-06-07,Mona Shorts,4,36.000,-12.600,0.000,23.400,23.400
2021-06-07,Louisa Pinafore,3,27.000,-9.450,0.000,17.550,17.550
2021-06-07,Cora Blouse,2,18.000,-6.300,0.000,11.700,11.700
2021-06-07,Marlow Dress,1,9.000,-3.150,0.000,5.850,5.850
2021-06-07,Hazel Tunic,1,9.000,-3.150,0.000,5.850,5.850
2021-06-07,Duchess Dress,2,18.000,-6.300,0.000,11.700,11.700
2021-06-07,Melbourne Romper,1,9.000,-3.150,0.000,5.850,5.850
2021-06-08,Mae Dress,1,9.000,-3.150,0.000,5.850,5.850
2021-06-08,Louisa Pinafore,1,9.000,-3.150,0.000,5.850,5.850
2021-06-08,Hazel Tunic,1,9.000,-3.150,0.000,5.850,5.850
2021-06-09,,0,0.000,0.000,0.000,0.000,0.000
2021-06-10,Sadie Skirt,1,8.000,0.000,0.000,8.000,8.000
2021-06-10,Camden Dress,1,6.000,0.000,0.000,6.000,6.000
2021-06-10,Cora Blouse,1,9.000,0.000,0.000,9.000,9.000
2021-06-11,,0,0.000,0.000,0.000,0.000,0.000
2021-06-12,Duchess Dress,1,9.000,0.000,0.000,9.000,9.000
2021-06-13,Mona Shorts,1,9.000,0.000,0.000,9.000,9.000
2021-06-14,,0,0.000,0.000,0.000,0.000,0.000
2021-06-15,,0,0.000,0.000,0.000,0.000,0.000
2021-06-16,,0,0.000,0.000,0.000,0.000,0.000
2021-06-17,Livie Tank + Dress,1,9.000,0.000,0.000,9.000,9.000
2021-06-17,Camden Dress,1,9.000,0.000,0.000,9.000,9.000
2021-06-18,,0,0.000,0.000,0.000,0.000,0.000
2021-06-19,Mona Shorts,1,9.000,0.000,0.000,9.000,9.000
2021-06-20,,0,0.000,0.000,0.000,0.000,0.000
2021-06-21,Sadie Skirt,1,8.000,0.000,0.000,8.000,8.000
2021-06-22,Angelica Blouse + Dress,1,9.000,0.000,0.000,9.000,9.000
2021-06-23,,0,0.000,0.000,0.000,0.000,0.000
2021-06-24,Mona Shorts,1,9.000,0.000,0.000,9.000,9.000
2021-06-24,Agatha Top + Dress,1,9.000,0.000,0.000,9.000,9.000
2021-06-25,Marlow Dress,1,9.000,0.000,0.000,9.000,9.000
2021-06-26,Lola Blouse,1,9.000,0.000,0.000,9.000,9.000
2021-06-26,Cora Blouse,1,9.000,0.000,0.000,9.000,9.000
2021-06-26,Marlow Dress,1,9.000,0.000,0.000,9.000,9.000
2021-06-26,Ainsley Pinafore,1,9.000,0.000,0.000,9.000,9.000
2021-06-27,,0,0.000,0.000,0.000,0.000,0.000
2021-06-28,,0,0.000,0.000,0.000,0.000,0.000
2021-06-29,Livie Tank + Dress,1,9.000,0.000,0.000,9.000,9.000
2021-06-29,Penny Blouse,1,9.000,0.000,0.000,9.000,9.000
2021-06-29,Louisa Pinafore,1,9.000,0.000,0.000,9.000,9.000
2021-06-30,,0,0.000,0.000,0.000,0.000,0.000
2021-07-01,,0,0.000,0.000,0.000,0.000,0.000
2021-07-02,,0,0.000,0.000,0.000,0.000,0.000
2021-07-03,Camden Dress,1,9.000,0.000,0.000,9.000,9.000
2021-07-04,,0,0.000,0.000,0.000,0.000,0.000
2021-07-05,,0,0.000,0.000,0.000,0.000,0.000
2021-07-06,,0,0.000,0.000,0.000,0.000,0.000
2021-07-07,,0,0.000,0.000,0.000,0.000,0.000
2021-07-08,,0,0.000,0.000,0.000,0.000,0.000
2021-07-09,,0,0.000,0.000,0.000,0.000,0.000
2021-07-10,Laurel Blouse,1,9.000,0.000,0.000,9.000,9.000
2021-07-11,Marlow Bundle,1,12.000,0.000,0.000,12.000,12.000
2021-07-12,Laurel Blouse,1,9.000,0.000,0.000,9.000,9.000
2021-07-12,Lottie Bonnet,1,6.000,0.000,0.000,6.000,6.000
2021-07-12,Cora Blouse,2,18.000,0.000,0.000,18.000,18.000
2021-07-12,Camden Dress,4,36.000,0.000,0.000,36.000,36.000
2021-07-12,Birdie Dress,1,10.000,0.000,0.000,10.000,10.000
2021-07-12,Ainsley Pinafore,5,45.000,0.000,0.000,45.000,45.000
2021-07-12,Constance Cape,1,9.000,0.000,0.000,9.000,9.000
2021-07-12,Angelica Blouse + Dress,7,63.000,0.000,0.000,63.000,63.000
2021-07-12,Melbourne Romper,3,27.000,0.000,0.000,27.000,27.000
2021-07-12,Livie Tank + Dress,1,9.000,0.000,0.000,9.000,9.000
2021-07-12,Lola Blouse,5,45.000,0.000,0.000,45.000,45.000
2021-07-12,Mae Dress,2,18.000,0.000,0.000,18.000,18.000
2021-07-12,Agatha Top + Dress,6,54.000,0.000,0.000,54.000,54.540
2021-07-12,Mona Shorts,4,36.000,0.000,0.000,36.000,36.000
2021-07-12,Marlow Bundle,7,84.000,0.000,0.000,84.000,84.000
2021-07-12,Penny Blouse,4,36.000,0.000,0.000,36.000,36.000
2021-07-12,Hazel Tunic,1,9.000,0.000,0.000,9.000,9.000
2021-07-12,Long Island Top - KNIT,2,18.000,0.000,0.000,18.000,18.000
2021-07-12,Clara Bows,1,6.000,0.000,0.000,6.000,6.000
2021-07-12,Macy Pinafore,8,72.000,0.000,0.000,72.000,72.000
2021-07-12,Hillary Skirt,2,16.000,0.000,0.000,16.000,16.000
2021-07-12,Louisa Pinafore,3,27.000,0.000,0.000,27.000,27.000
2021-07-12,Bordeaux Peplum + Dress - KNIT,9,81.000,0.000,0.000,81.000,81.000
2021-07-13,Cora Blouse,5,45.000,0.000,-9.000,36.000,36.000
2021-07-13,Angelica Blouse + Dress,8,72.000,0.000,-9.000,63.000,63.000
2021-07-13,Marlow Dress,3,27.000,0.000,0.000,27.000,27.000
2021-07-13,,0,0.000,0.000,-9.000,-9.000,-9.000
2021-07-13,Camden Dress,5,45.000,0.000,-9.000,36.000,36.000
2021-07-13,Melbourne Romper,3,27.000,0.000,0.000,27.000,27.000
2021-07-13,Mona Shorts,2,18.000,0.000,0.000,18.000,18.000
2021-07-13,Clara Bows,0,0.000,0.000,-6.000,-6.000,-6.000
2021-07-13,Marlow Bundle,6,72.000,0.000,-12.000,60.000,60.000
2021-07-13,Laurel Blouse,4,36.000,0.000,0.000,36.000,36.000
2021-07-13,Ainsley Pinafore,3,27.000,0.000,-9.000,18.000,18.000
2021-07-13,Louisa Pinafore,4,36.000,0.000,0.000,36.000,36.000
2021-07-13,Birdie Dress,3,30.000,0.000,0.000,30.000,30.000
2021-07-13,Lola Blouse,2,18.000,0.000,0.000,18.000,18.000
2021-07-13,Hazel Tunic,2,18.000,0.000,0.000,18.000,18.000
2021-07-13,Hillary Skirt,2,16.000,0.000,0.000,16.000,16.000
2021-07-13,Agatha Top + Dress,4,36.000,0.000,0.000,36.000,36.000
2021-07-13,Livie Tank + Dress,8,72.000,0.000,0.000,72.000,72.000
2021-07-13,Penny Blouse,4,36.000,0.000,0.000,36.000,36.000
2021-07-13,Bordeaux Peplum + Dress - KNIT,14,126.000,0.000,-18.000,108.000,108.000
2021-07-13,Duchess Dress,5,45.000,0.000,0.000,45.000,45.000
2021-07-13,Long Island Top - KNIT,7,63.000,0.000,-9.000,54.000,54.000
2021-07-13,Macy Pinafore,6,54.000,0.000,0.000,54.000,54.000
2021-07-13,Mae Dress,0,0.000,0.000,-18.000,-18.000,-18.000
2021-07-14,Duchess Dress,1,9.000,0.000,0.000,9.000,9.000
2021-07-14,Long Island Top - KNIT,1,9.000,0.000,0.000,9.000,9.000
2021-07-14,Hazel Tunic,1,9.000,0.000,0.000,9.000,9.000
2021-07-14,Melbourne Romper,1,9.000,0.000,0.000,9.000,9.000
2021-07-14,Laurel Blouse,0,0.000,0.000,-9.000,-9.000,-9.000
2021-07-15,Marlow Dress,1,9.000,0.000,0.000,9.000,9.000
2021-07-15,Ainsley Pinafore,0,0.000,0.000,-18.000,-18.000,-18.000
2021-07-15,Bordeaux Peplum + Dress - KNIT,0,0.000,0.000,-36.000,-36.000,-36.000
2021-07-15,Long Island Top - KNIT,0,0.000,0.000,-27.000,-27.000,-27.000
2021-07-15,Louisa Pinafore,2,18.000,0.000,-18.000,0.000,0.000
2021-07-15,Birdie Dress,0,0.000,0.000,-20.000,-20.000,-20.000
2021-07-15,Macy Pinafore,0,0.000,0.000,-9.000,-9.000,-9.000
2021-07-15,Camden Dress,0,0.000,0.000,-27.000,-27.000,-27.000
2021-07-15,Lola Blouse,0,0.000,0.000,-9.000,-9.000,-9.000
2021-07-15,Agatha Top + Dress,0,0.000,0.000,-9.000,-9.000,-9.000
2021-07-15,Duchess Dress,0,0.000,0.000,-9.000,-9.000,-9.000
2021-07-15,Mona Shorts,0,0.000,0.000,-18.000,-18.000,-18.000
2021-07-15,Angelica Blouse + Dress,0,0.000,0.000,-18.000,-18.000,-18.000
2021-07-16,Camden Dress,1,9.000,0.000,0.000,9.000,9.000
2021-07-17,Ainsley Pinafore,0,0.000,0.000,-18.000,-18.000,-18.000
2021-07-17,Birdie Dress,0,0.000,0.000,-10.000,-10.000,-10.000
2021-07-17,Laurel Blouse,0,0.000,0.000,-9.000,-9.000,-9.000
2021-07-17,Melbourne Romper,0,0.000,0.000,-9.000,-9.000,-9.000
2021-07-17,Mona Shorts,0,0.000,0.000,-9.000,-9.000,-9.000
2021-07-17,Constance Cape,0,0.000,0.000,-9.000,-9.000,-9.000
2021-07-17,Marlow Bundle,0,0.000,0.000,-24.000,-24.000,-24.000
2021-07-17,Penny Blouse,1,9.000,0.000,-36.000,-27.000,-27.000
2021-07-17,Livie Tank + Dress,0,0.000,0.000,-18.000,-18.000,-18.000
2021-07-17,Duchess Dress,0,0.000,0.000,-9.000,-9.000,-9.000
2021-07-17,Macy Pinafore,0,0.000,0.000,-45.000,-45.000,-45.000
2021-07-17,Bordeaux Peplum + Dress - KNIT,1,9.000,0.000,-36.000,-27.000,-27.000
2021-07-17,Angelica Blouse + Dress,0,0.000,0.000,-27.000,-27.000,-27.000
2021-07-17,Hazel Tunic,0,0.000,0.000,-18.000,-18.000,-18.000
2021-07-17,Hillary Skirt,0,0.000,0.000,-8.000,-8.000,-8.000
2021-07-17,Cora Blouse,0,0.000,0.000,-27.000,-27.000,-27.000
2021-07-18,Marlow Bundle,1,12.000,0.000,0.000,12.000,12.000
2021-07-18,Duchess Dress,1,9.000,0.000,0.000,9.000,9.000
2021-07-18,Agatha Top + Dress,1,9.000,0.000,0.000,9.000,9.000
2021-07-18,Melbourne Romper,1,9.000,0.000,0.000,9.000,9.000
2021-07-18,Cora Blouse,1,9.000,0.000,0.000,9.000,9.000
2021-07-18,Louisa Pinafore,2,18.000,0.000,0.000,18.000,18.000
2021-07-18,Macy Pinafore,1,9.000,0.000,0.000,9.000,9.000
2021-07-19,Laurel Blouse,0,0.000,0.000,-9.000,-9.000,-9.000
2021-07-19,Ainsley Pinafore,0,0.000,0.000,-27.000,-27.000,-27.000
2021-07-19,Lola Blouse,0,0.000,0.000,-27.000,-27.000,-27.000
2021-07-19,Melbourne Romper,0,0.000,0.000,-36.000,-36.000,-36.000
2021-07-19,Marlow Dress,0,0.000,0.000,-9.000,-9.000,-9.000
2021-07-19,Livie Tank + Dress,0,0.000,0.000,-45.000,-45.000,-45.000
2021-07-19,Mona Shorts,0,0.000,0.000,-18.000,-18.000,-18.000
2021-07-19,Angelica Blouse + Dress,1,9.000,0.000,-63.000,-54.000,-54.000
2021-07-19,Macy Pinafore,0,0.000,0.000,-54.000,-54.000,-54.000
2021-07-19,Birdie Dress,0,0.000,0.000,-10.000,-10.000,-10.000
2021-07-19,Hillary Skirt,0,0.000,0.000,-8.000,-8.000,-8.000
2021-07-19,Louisa Pinafore,0,0.000,0.000,-36.000,-36.000,-36.000
2021-07-19,Lottie Bonnet,0,0.000,0.000,-6.000,-6.000,-6.000
2021-07-19,Bordeaux Peplum + Dress - KNIT,0,0.000,0.000,-36.000,-36.000,-36.000
2021-07-19,Camden Dress,0,0.000,0.000,-27.000,-27.000,-27.000
2021-07-19,Penny Blouse,0,0.000,0.000,-27.000,-27.000,-27.000
2021-07-19,Long Island Top - KNIT,1,9.000,0.000,-27.000,-18.000,-18.000
2021-07-19,Marlow Bundle,0,0.000,0.000,-72.000,-72.000,-72.000
2021-07-19,Agatha Top + Dress,0,0.000,0.000,-63.000,-63.000,-63.540
2021-07-19,Cora Blouse,0,0.000,0.000,-18.000,-18.000,-18.000
2021-07-20,Laurel Blouse,1,9.000,0.000,0.000,9.000,9.000
2021-07-20,Angelica Blouse + Dress,0,0.000,0.000,-9.000,-9.000,-9.000
2021-07-20,Marlow Bundle,0,0.000,0.000,-24.000,-24.000,-24.000
2021-07-20,Agatha Top + Dress,0,0.000,0.000,-9.000,-9.000,-9.000
2021-07-20,Long Island Top - KNIT,0,0.000,0.000,-9.000,-9.000,-9.000
2021-07-20,Louisa Pinafore,0,0.000,0.000,-9.000,-9.000,-9.000
2021-07-20,Lola Blouse,0,0.000,0.000,-9.000,-9.000,-9.000
2021-07-20,Bordeaux Peplum + Dress - KNIT,1,9.000,0.000,-45.000,-36.000,-36.000
2021-07-20,Macy Pinafore,0,0.000,0.000,-9.000,-9.000,-9.000
2021-07-20,Hillary Skirt,0,0.000,0.000,-8.000,-8.000,-8.000
2021-07-21,Birdie Dress,1,10.000,0.000,0.000,10.000,10.000
2021-07-21,Bordeaux Peplum + Dress - KNIT,1,9.000,0.000,0.000,9.000,9.000
2021-07-22,Macy Pinafore,1,9.000,0.000,0.000,9.000,9.000
2021-07-23,Macy Pinafore,1,9.000,0.000,0.000,9.000,9.000
2021-07-23,Livie Tank + Dress,2,18.000,0.000,0.000,18.000,18.000
2021-07-24,,0,0.000,0.000,0.000,0.000,0.000
2021-07-25,Bordeaux Peplum + Dress - KNIT,2,18.000,0.000,0.000,18.000,18.000
2021-07-25,Angelica Blouse + Dress,1,9.000,0.000,0.000,9.000,9.000
2021-07-25,Marlow Bundle,1,12.000,0.000,0.000,12.000,12.000
2021-07-25,Louisa Pinafore,1,9.000,0.000,0.000,9.000,9.000
2021-07-26,Penny Blouse,1,9.000,0.000,0.000,9.000,9.000
2021-07-27,Marlow Bundle,1,12.000,0.000,0.000,12.000,12.000
2021-07-27,Bordeaux Peplum + Dress - KNIT,4,36.000,0.000,0.000,36.000,36.000
2021-07-27,Long Island Top - KNIT,1,9.000,0.000,0.000,9.000,9.000
2021-07-27,Agatha Top + Dress,1,9.000,0.000,0.000,9.000,9.000
2021-07-27,Birdie Dress,1,10.000,0.000,0.000,10.000,10.000
2021-07-27,Hazel Tunic,1,9.000,0.000,0.000,9.000,9.000
2021-07-27,Duchess Dress,3,27.000,0.000,0.000,27.000,27.000
2021-07-27,Lola Blouse,1,9.000,0.000,0.000,9.000,9.000
2021-07-27,USPS - A0 file,2,40.000,0.000,0.000,40.000,40.000
2021-07-28,,0,0.000,0.000,0.000,0.000,0.000
2021-07-29,Angelica Blouse + Dress,1,9.000,0.000,0.000,9.000,9.000
2021-07-29,Birdie Dress,1,10.000,0.000,0.000,10.000,10.000
2021-07-29,Hazel Tunic,1,9.000,0.000,0.000,9.000,9.000
2021-07-30,,0,0.000,0.000,0.000,0.000,0.000
2021-07-31,,0,0.000,0.000,0.000,0.000,0.000
2021-08-01,Camden Dress,1,9.000,0.000,0.000,9.000,9.000
2021-08-01,Penny Blouse,1,9.000,0.000,0.000,9.000,9.000
2021-08-02,USPS - A0 file,1,8.000,0.000,0.000,8.000,8.000
2021-08-02,Agatha Top + Dress,1,9.000,0.000,0.000,9.000,9.000
2021-08-03,,0,0.000,0.000,0.000,0.000,0.000
2021-08-04,,0,0.000,0.000,0.000,0.000,0.000
2021-08-05,,0,0.000,0.000,0.000,0.000,0.000
2021-08-06,Angelica Blouse + Dress,1,9.000,0.000,0.000,9.000,9.000
2021-08-06,Bellaire Bottoms - KNIT,3,27.000,0.000,0.000,27.000,27.630
2021-08-06,Cora Blouse,1,9.000,0.000,0.000,9.000,9.000
2021-08-07,Bellaire Bottoms - KNIT,7,63.000,0.000,0.000,63.000,63.630
2021-08-08,Clara Bows,1,6.000,0.000,0.000,6.000,6.000
2021-08-08,Bellaire Bottoms - KNIT,3,27.000,0.000,0.000,27.000,27.000
2021-08-09,Duchess Dress,1,9.000,0.000,0.000,9.000,9.000
2021-08-09,Bellaire Bottoms - KNIT,1,9.000,0.000,0.000,9.000,9.000
2021-08-10,Bordeaux Peplum + Dress - KNIT,1,9.000,0.000,0.000,9.000,9.720
2021-08-10,Long Island Top - KNIT,1,9.000,0.000,0.000,9.000,9.720
2021-08-10,Bellaire Bottoms - KNIT,1,9.000,0.000,0.000,9.000,9.000
2021-08-11,Macy Pinafore,1,9.000,0.000,0.000,9.000,9.000
2021-08-11,Long Island Top - KNIT,1,9.000,0.000,0.000,9.000,9.000
2021-08-11,Lola Blouse,1,9.000,0.000,-9.000,0.000,0.000
2021-08-11,Bellaire Bottoms - KNIT,1,9.000,0.000,0.000,9.000,9.000
2021-08-12,Sadie Skirt,1,8.000,0.000,0.000,8.000,8.000
2021-08-13,Marlow Bundle,1,12.000,0.000,0.000,12.000,12.000
2021-08-13,Hillary Skirt,1,8.000,0.000,0.000,8.000,8.000
2021-08-14,,0,0.000,0.000,0.000,0.000,0.000
2021-08-15,,0,0.000,0.000,0.000,0.000,0.000
2021-08-16,Bordeaux Peplum + Dress - KNIT,1,9.000,0.000,0.000,9.000,9.000
2021-08-16,Livie Tank + Dress,1,9.000,0.000,0.000,9.000,9.000
2021-08-16,Louisa Pinafore,1,9.000,0.000,0.000,9.000,9.000
2021-08-16,Bellaire Bottoms - KNIT,1,9.000,0.000,0.000,9.000,9.000
2021-08-17,Bordeaux Peplum + Dress - KNIT,1,9.000,0.000,0.000,9.000,9.000
2021-08-18,Duchess Dress,2,18.000,0.000,0.000,18.000,18.000
2021-08-18,Sadie Skirt,2,16.000,0.000,0.000,16.000,16.000
2021-08-18,Laurel Blouse,1,9.000,0.000,0.000,9.000,9.000
2021-08-18,Bordeaux Peplum + Dress - KNIT,1,9.000,0.000,0.000,9.000,9.000
2021-08-18,Constance Cape,1,9.000,0.000,0.000,9.000,9.000
2021-08-19,Hazel Tunic,1,9.000,0.000,0.000,9.000,9.000
2021-08-19,Bellaire Bottoms - KNIT,1,9.000,0.000,0.000,9.000,9.000
2021-08-20,Bordeaux Peplum + Dress - KNIT,1,9.000,0.000,0.000,9.000,9.000
2021-08-21,,0,0.000,0.000,0.000,0.000,0.000
2021-08-22,,0,0.000,0.000,0.000,0.000,0.000
2021-08-23,,0,0.000,0.000,0.000,0.000,0.000
2021-08-24,,0,0.000,0.000,0.000,0.000,0.000
2021-08-25,Camden Dress,1,9.000,0.000,0.000,9.000,9.000
2021-08-26,,0,0.000,0.000,0.000,0.000,0.000
2021-08-27,,0,0.000,0.000,0.000,0.000,0.000
2021-08-28,,0,0.000,0.000,0.000,0.000,0.000
2021-08-29,Angelica Blouse + Dress,1,9.000,0.000,0.000,9.000,9.000
2021-08-29,Constance Cape,1,9.000,0.000,0.000,9.000,9.000
2021-08-29,Louisa Pinafore,2,18.000,0.000,0.000,18.000,18.000
2021-08-29,Camden Dress,1,9.000,0.000,0.000,9.000,9.000
2021-08-29,Bordeaux Peplum + Dress - KNIT,1,9.000,0.000,0.000,9.000,9.000
2021-08-29,Birdie Dress,1,10.000,0.000,0.000,10.000,10.000
2021-08-29,Marlow Dress,1,9.000,0.000,0.000,9.000,9.000
2021-08-29,Duchess Dress,1,9.000,0.000,0.000,9.000,9.000
2021-08-30,Angelica Blouse + Dress,1,9.000,0.000,0.000,9.000,9.000
2021-08-30,Bordeaux Peplum + Dress - KNIT,1,9.000,0.000,0.000,9.000,9.000
2021-08-31,,0,0.000,0.000,0.000,0.000,0.000
2021-09-01,,0,0.000,0.000,0.000,0.000,0.000
2021-09-02,Lola Blouse,1,9.000,0.000,0.000,9.000,9.000
2021-09-03,,0,0.000,0.000,0.000,0.000,0.000
2021-09-04,Bordeaux Peplum + Dress - KNIT,1,9.000,0.000,0.000,9.000,9.000
2021-09-04,Clara Bows,1,6.000,0.000,0.000,6.000,6.360
2021-09-04,Camden Dress,1,9.000,0.000,0.000,9.000,9.540
2021-09-05,Long Island Top - KNIT,1,9.000,0.000,0.000,9.000,9.000
2021-09-05,Angelica Blouse + Dress,1,9.000,0.000,0.000,9.000,9.000
2021-09-05,Clara Bows,1,6.000,0.000,0.000,6.000,6.000
2021-09-06,,0,0.000,0.000,0.000,0.000,0.000
2021-09-07,,0,0.000,0.000,0.000,0.000,0.000
2021-09-08,Marlow Bundle,1,12.000,0.000,0.000,12.000,12.000
2021-09-08,Macy Pinafore,1,9.000,0.000,0.000,9.000,9.000
2021-09-09,,0,0.000,0.000,0.000,0.000,0.000
2021-09-10,,0,0.000,0.000,0.000,0.000,0.000
2021-09-11,,0,0.000,0.000,0.000,0.000,0.000
2021-09-12,,0,0.000,0.000,0.000,0.000,0.000
2021-09-13,,0,0.000,0.000,0.000,0.000,0.000
2021-09-14,,0,0.000,0.000,0.000,0.000,0.000
2021-09-15,Lola Blouse,1,9.000,0.000,0.000,9.000,9.000
2021-09-15,Bordeaux Peplum + Dress - KNIT,1,9.000,0.000,0.000,9.000,9.000
2021-09-16,,0,0.000,0.000,0.000,0.000,0.000
2021-09-17,,0,0.000,0.000,0.000,0.000,0.000
2021-09-18,,0,0.000,0.000,0.000,0.000,0.000
2021-09-19,,0,0.000,0.000,0.000,0.000,0.000
2021-09-20,,0,0.000,0.000,0.000,0.000,0.000
2021-09-21,,0,0.000,0.000,0.000,0.000,0.000
2021-09-22,,0,0.000,0.000,0.000,0.000,0.000
2021-09-23,,0,0.000,0.000,0.000,0.000,0.000
2021-09-24,Marlow Bundle,1,12.000,0.000,0.000,12.000,12.000
2021-09-24,Bordeaux Peplum + Dress - KNIT,1,9.000,0.000,0.000,9.000,9.000
2021-09-24,Bellaire Bottoms - KNIT,3,27.000,0.000,0.000,27.000,27.000
2021-09-24,Meri Top + Dress,8,72.000,-9.000,0.000,63.000,63.000
2021-09-24,Livie Tank + Dress,1,9.000,-9.000,0.000,0.000,0.000
2021-09-24,Long Island Top - KNIT,2,18.000,-9.000,0.000,9.000,9.000
2021-09-24,Angelica Blouse + Dress,1,9.000,0.000,0.000,9.000,9.720
2021-09-24,Macy Pinafore,1,9.000,0.000,0.000,9.000,9.000
2021-09-25,Macy Pinafore,1,9.000,0.000,0.000,9.000,9.000
2021-09-25,Hastings Vest,1,9.000,0.000,0.000,9.000,9.000
2021-09-25,Bordeaux Peplum + Dress - KNIT,1,9.000,0.000,0.000,9.000,9.000
2021-09-25,Hazel Tunic,1,9.000,-9.000,0.000,0.000,0.000
2021-09-25,Long Island Top - KNIT,1,9.000,0.000,0.000,9.000,9.000
2021-09-25,Meri Top + Dress,12,108.000,-9.000,0.000,99.000,99.000
2021-09-25,Bellaire Bottoms - KNIT,1,9.000,0.000,0.000,9.000,9.000
2021-09-25,Lola Blouse,1,9.000,-9.000,0.000,0.000,0.000
2021-09-26,Long Island Top - KNIT,1,9.000,-9.000,0.000,0.000,0.000
2021-09-26,Bordeaux Peplum + Dress - KNIT,3,27.000,0.000,0.000,27.000,27.000
2021-09-26,Macy Pinafore,1,9.000,-9.000,0.000,0.000,0.000
2021-09-26,Meri Top + Dress,4,36.000,0.000,0.000,36.000,36.000
2021-09-26,Livie Tank + Dress,1,9.000,-9.000,0.000,0.000,0.000
2021-09-26,Angelica Blouse + Dress,1,9.000,0.000,0.000,9.000,9.000
2021-09-26,Ainsley Pinafore,1,9.000,0.000,0.000,9.000,9.000
2021-09-26,Lola Blouse,1,9.000,0.000,0.000,9.000,9.000
2021-09-27,Meri Top + Dress,2,18.000,0.000,0.000,18.000,18.000
2021-09-28,Bordeaux Peplum + Dress - KNIT,2,18.000,0.000,0.000,18.000,18.000
2021-09-28,Sadie Skirt,1,8.000,0.000,0.000,8.000,8.000
2021-09-28,Meri Top + Dress,5,45.000,0.000,0.000,45.000,45.630
2021-09-29,Meri Top + Dress,4,36.000,0.000,0.000,36.000,36.000
2021-09-29,Bordeaux Peplum + Dress - KNIT,1,9.000,-9.000,0.000,0.000,0.000
2021-09-29,Bellaire Bottoms - KNIT,1,9.000,0.000,0.000,9.000,9.000
2021-09-29,Sadie Skirt,1,8.000,0.000,0.000,8.000,8.000
2021-09-30,,0,0.000,0.000,0.000,0.000,0.000
2021-10-01,Marlow Bundle,1,12.000,0.000,0.000,12.000,12.000
2021-10-01,Bellaire Bottoms - KNIT,1,9.000,0.000,0.000,9.000,9.000
2021-10-01,Meri Top + Dress,4,36.000,0.000,0.000,36.000,36.000
2021-10-01,Bordeaux Peplum + Dress - KNIT,1,9.000,-9.000,0.000,0.000,0.000
2021-10-02,,0,0.000,0.000,0.000,0.000,0.000
2021-10-03,Bellaire Bottoms - KNIT,1,9.000,0.000,0.000,9.000,9.000
2021-10-03,Meri Top + Dress,1,9.000,0.000,0.000,9.000,9.000
2021-10-03,Angelica Blouse + Dress,1,9.000,-9.000,0.000,0.000,0.000
2021-10-04,Camden Dress,1,9.000,0.000,0.000,9.000,9.000
2021-10-04,Meri Top + Dress,1,9.000,0.000,0.000,9.000,9.000
2021-10-04,Sadie Skirt,1,8.000,-8.000,0.000,0.000,0.000
2021-10-05,Lola Blouse,1,9.000,0.000,0.000,9.000,9.000
2021-10-05,Duchess Dress,1,9.000,0.000,0.000,9.000,9.000
2021-10-06,Sadie Skirt,1,8.000,0.000,0.000,8.000,8.000
2021-10-06,Bordeaux Peplum + Dress - KNIT,1,9.000,0.000,0.000,9.000,9.000
2021-10-07,Meri Top + Dress,1,9.000,0.000,0.000,9.000,9.630
2021-10-07,Laurel Blouse,1,9.000,0.000,0.000,9.000,9.000
2021-10-08,Ainsley Pinafore,1,9.000,0.000,0.000,9.000,9.000
2021-10-09,Sadie Skirt,1,8.000,0.000,0.000,8.000,8.000
2021-10-10,,0,0.000,0.000,0.000,0.000,0.000
2021-10-11,,0,0.000,0.000,0.000,0.000,0.000
2021-10-12,Meri Top + Dress,1,9.000,0.000,0.000,9.000,9.000
2021-10-12,Bordeaux Peplum + Dress - KNIT,1,9.000,0.000,0.000,9.000,9.630
2021-10-13,,0,0.000,0.000,0.000,0.000,0.000
2021-10-14,,0,0.000,0.000,0.000,0.000,0.000
2021-10-15,Meri Top + Dress,1,9.000,0.000,0.000,9.000,9.000
2021-10-15,Sadie Skirt,1,8.000,0.000,0.000,8.000,8.000
2021-10-16,,0,0.000,0.000,0.000,0.000,0.000
2021-10-17,,0,0.000,0.000,0.000,0.000,0.000
2021-10-18,Meri Top + Dress,2,18.000,0.000,0.000,18.000,18.000
2021-10-19,Penny Blouse,1,9.000,-9.000,0.000,0.000,0.000
2021-10-19,Marlow Bundle,1,12.000,-12.000,0.000,0.000,0.000
2021-10-19,Camden Dress,1,9.000,-9.000,0.000,0.000,0.000
2021-10-19,Meri Top + Dress,1,9.000,0.000,0.000,9.000,9.630
2021-10-19,Duchess Dress,1,9.000,-9.000,0.000,0.000,0.000
2021-10-19,Melbourne Romper,1,9.000,-9.000,0.000,0.000,0.000
2021-10-19,Livie Tank + Dress,1,9.000,-9.000,0.000,0.000,0.000
2021-10-19,Marlow Dress,1,9.000,0.000,0.000,9.000,9.800
2021-10-19,Louisa Pinafore,1,9.000,-9.000,0.000,0.000,0.000
2021-10-19,Macy Pinafore,1,9.000,-9.000,0.000,0.000,0.000
2021-10-19,Agatha Top + Dress,1,9.000,-9.000,0.000,0.000,0.000
2021-10-19,Angelica Blouse + Dress,1,9.000,-9.000,0.000,0.000,0.000
2021-10-20,Bordeaux Peplum + Dress - KNIT,1,9.000,0.000,0.000,9.000,9.000
2021-10-21,,0,0.000,0.000,0.000,0.000,0.000
2021-10-22,,0,0.000,0.000,0.000,0.000,0.000
2021-10-23,,0,0.000,0.000,0.000,0.000,0.000
2021-10-24,Meri Top + Dress,1,9.000,0.000,0.000,9.000,9.000
2021-10-24,Penny Blouse,1,9.000,0.000,0.000,9.000,9.000
2021-10-24,Bordeaux Peplum + Dress - KNIT,4,36.000,0.000,0.000,36.000,36.000
2021-10-24,Mona Shorts,1,9.000,0.000,0.000,9.000,9.000
2021-10-24,Bellaire Bottoms - KNIT,1,9.000,0.000,0.000,9.000,9.000
2021-10-25,Meri Top + Dress,1,9.000,0.000,0.000,9.000,9.000
2021-10-25,Bellaire Bottoms - KNIT,1,9.000,0.000,0.000,9.000,9.000
2021-10-26,Cora Blouse,1,9.000,0.000,0.000,9.000,9.000
2021-10-26,Angelica Blouse + Dress,2,18.000,-5.400,0.000,12.600,12.600
2021-10-26,Sadie Skirt,1,8.000,0.000,0.000,8.000,8.000
2021-10-27,Laurel Blouse,1,9.000,0.000,0.000,9.000,9.000
2021-10-28,Angelica Blouse + Dress,1,9.000,0.000,0.000,9.000,9.000
2021-10-29,,0,0.000,0.000,0.000,0.000,0.000
2021-10-30,,0,0.000,0.000,0.000,0.000,0.000
2021-10-31,,0,0.000,0.000,0.000,0.000,0.000
2021-11-01,Meri Top + Dress,1,9.000,0.000,0.000,9.000,9.000
2021-11-02,,0,0.000,0.000,0.000,0.000,0.000
2021-11-03,Sadie Skirt,1,8.000,0.000,0.000,8.000,8.000
2021-11-03,Cora Blouse,1,9.000,0.000,0.000,9.000,9.000
2021-11-04,Bellaire Bottoms - KNIT,1,9.000,0.000,0.000,9.000,9.000
2021-11-04,Meri Top + Dress,1,9.000,0.000,0.000,9.000,9.000
2021-11-05,Hastings Vest,1,9.000,0.000,0.000,9.000,9.000
2021-11-06,,0,0.000,0.000,0.000,0.000,0.000
2021-11-07,,0,0.000,0.000,0.000,0.000,0.000
2021-11-08,Melbourne Romper,1,9.000,0.000,0.000,9.000,9.000
2021-11-08,Penny Blouse,2,18.000,0.000,0.000,18.000,18.000
2021-11-08,Raine Tote,1,8.000,0.000,0.000,8.000,8.000
2021-11-08,Lola Blouse,1,9.000,0.000,0.000,9.000,9.000
2021-11-09,,0,0.000,0.000,0.000,0.000,0.000
2021-11-10,,0,0.000,0.000,0.000,0.000,0.000
2021-11-11,,0,0.000,0.000,0.000,0.000,0.000
2021-11-12,,0,0.000,0.000,0.000,0.000,0.000
2021-11-13,,0,0.000,0.000,0.000,0.000,0.000
2021-11-14,,0,0.000,0.000,0.000,0.000,0.000
2021-11-15,,0,0.000,0.000,0.000,0.000,0.000
2021-11-16,,0,0.000,0.000,0.000,0.000,0.000
2021-11-17,,0,0.000,0.000,0.000,0.000,0.000
2021-11-18,Mona Shorts,1,9.000,0.000,0.000,9.000,9.000
2021-11-19,Louisa Pinafore,1,9.000,-9.000,0.000,0.000,0.000
2021-11-19,Sadie Skirt,1,8.000,-8.000,0.000,0.000,0.000
2021-11-19,Cora Blouse,1,9.000,-9.000,0.000,0.000,0.000
2021-11-20,,0,0.000,0.000,0.000,0.000,0.000
2021-11-21,,0,0.000,0.000,0.000,0.000,0.000
2021-11-22,Bordeaux Peplum + Dress - KNIT,1,9.000,0.000,0.000,9.000,9.000
2021-11-23,,0,0.000,0.000,0.000,0.000,0.000
2021-11-24,,0,0.000,0.000,0.000,0.000,0.000
2021-11-25,Marlow Dress,2,18.000,-7.200,0.000,10.800,10.800
2021-11-25,Marlow Bundle,1,12.000,-4.800,0.000,7.200,7.200
2021-11-25,Meri Top + Dress,2,18.000,-7.200,0.000,10.800,10.800
2021-11-25,Bordeaux Peplum + Dress - KNIT,2,18.000,-7.200,0.000,10.800,10.800
2021-11-25,Bellaire Bottoms - KNIT,1,9.000,-3.600,0.000,5.400,5.400
2021-11-25,Lola Blouse,2,18.000,-7.200,0.000,10.800,10.800
2021-11-25,Ainsley Pinafore,3,27.000,-10.800,0.000,16.200,16.200
2021-11-25,Mona Shorts,1,9.000,-3.600,0.000,5.400,5.400
2021-11-25,Cora Blouse,1,9.000,-3.600,0.000,5.400,5.400
2021-11-25,Louisa Pinafore,1,9.000,-3.600,0.000,5.400,5.400
2021-11-25,Camden Dress,1,9.000,-3.600,0.000,5.400,5.400
2021-11-26,Lola Blouse,3,27.000,-10.800,0.000,16.200,16.200
2021-11-26,Ainsley Pinafore,2,18.000,-7.200,0.000,10.800,10.800
2021-11-26,Bordeaux Peplum + Dress - KNIT,2,18.000,-7.200,0.000,10.800,10.800
2021-11-26,Bellaire Bottoms - KNIT,2,18.000,-7.200,0.000,10.800,10.800
2021-11-26,Melbourne Romper,1,9.000,-3.600,0.000,5.400,5.400
2021-11-26,Louisa Pinafore,1,9.000,-3.600,0.000,5.400,5.400
2021-11-26,Meri Top + Dress,3,27.000,-10.800,0.000,16.200,16.200
2021-11-26,Camden Dress,2,18.000,-7.200,0.000,10.800,10.800
2021-11-26,Macy Pinafore,1,9.000,-3.600,0.000,5.400,5.400
2021-11-27,Mona Shorts,1,9.000,-3.600,0.000,5.400,5.780
2021-11-27,Birdie Dress,1,10.000,-4.000,0.000,6.000,6.000
2021-11-27,Meri Top + Dress,4,36.000,-14.400,0.000,21.600,21.600
2021-11-27,Duchess Dress,1,9.000,-3.600,0.000,5.400,5.400
2021-11-27,Raine Tote,1,8.000,-3.200,0.000,4.800,4.800
2021-11-27,Laurel Blouse,1,9.000,-3.600,0.000,5.400,5.400
2021-11-27,Lola Blouse,1,9.000,-3.600,0.000,5.400,5.400
2021-11-28,Laurel Blouse,1,9.000,0.000,0.000,9.000,9.000
2021-11-28,Marlow Bundle,1,12.000,-4.800,0.000,7.200,7.200
2021-11-28,Duchess Dress,1,9.000,-3.600,0.000,5.400,5.400
2021-11-28,Angelica Blouse + Dress,1,9.000,-3.600,0.000,5.400,5.400
2021-11-29,,0,0.000,0.000,0.000,0.000,0.000
2021-11-30,,0,0.000,0.000,0.000,0.000,0.000
2021-12-01,,0,0.000,0.000,0.000,0.000,0.000
2021-12-02,,0,0.000,0.000,0.000,0.000,0.000
2021-12-03,,0,0.000,0.000,0.000,0.000,0.000
2021-12-04,Camden Dress,1,9.000,0.000,0.000,9.000,9.000
2021-12-05,Long Island Top - KNIT,1,9.000,0.000,0.000,9.000,9.000
2021-12-06,,0,0.000,0.000,0.000,0.000,0.000
2021-12-07,Louisa Pinafore,1,9.000,-9.000,0.000,0.000,0.000
2021-12-07,Agatha Top + Dress,1,9.000,-9.000,0.000,0.000,0.000
2021-12-08,,0,0.000,0.000,0.000,0.000,0.000
2021-12-09,,0,0.000,0.000,0.000,0.000,0.000
2021-12-10,Penny Blouse,1,9.000,0.000,0.000,9.000,9.000
2021-12-11,,0,0.000,0.000,0.000,0.000,0.000
2021-12-12,Mona Shorts,1,9.000,0.000,0.000,9.000,9.000
2021-12-12,Hillary Skirt,1,8.000,0.000,0.000,8.000,8.000
2021-12-12,Bordeaux Peplum + Dress - KNIT,1,9.000,0.000,0.000,9.000,9.000
2021-12-13,Lola Blouse,1,9.000,0.000,0.000,9.000,9.000
2021-12-13,Bellaire Bottoms - KNIT,1,9.000,0.000,0.000,9.000,9.000
2021-12-14,,0,0.000,0.000,0.000,0.000,0.000
2021-12-15,,0,0.000,0.000,0.000,0.000,0.000
2021-12-16,Meri Top + Dress,1,9.000,0.000,0.000,9.000,9.000
2021-12-17,Marlow Bundle,1,12.000,-12.000,0.000,0.000,0.000
2021-12-18,,0,0.000,0.000,0.000,0.000,0.000
2021-12-19,,0,0.000,0.000,0.000,0.000,0.000
2021-12-20,Duchess Dress,1,9.000,0.000,0.000,9.000,9.000
2021-12-20,Angelica Blouse + Dress,1,9.000,0.000,0.000,9.000,9.000
2021-12-20,Hazel Tunic,1,9.000,0.000,0.000,9.000,9.000
2021-12-21,Hastings Vest,1,9.000,0.000,0.000,9.000,9.000
2021-12-21,Melbourne Romper,1,9.000,0.000,0.000,9.000,9.000
2021-12-21,Cora Blouse,1,9.000,0.000,0.000,9.000,9.000
2021-12-21,Lola Blouse,1,9.000,0.000,0.000,9.000,9.000
2021-12-21,Agatha Top + Dress,1,9.000,0.000,0.000,9.000,9.000
2021-12-22,Louisa Pinafore,1,9.000,0.000,0.000,9.000,9.000
2021-12-23,,0,0.000,0.000,0.000,0.000,0.000
2021-12-24,,0,0.000,0.000,0.000,0.000,0.000
2021-12-25,,0,0.000,0.000,0.000,0.000,0.000
2021-12-26,,0,0.000,0.000,0.000,0.000,0.000
2021-12-27,Camden Dress,1,9.000,0.000,0.000,9.000,9.000
2021-12-27,Sadie Skirt,1,8.000,0.000,0.000,8.000,8.000
2021-12-27,Marlow Dress,1,9.000,0.000,0.000,9.000,9.000
2021-12-27,Laurel Blouse,1,9.000,0.000,0.000,9.000,9.000
2021-12-28,,0,0.000,0.000,0.000,0.000,0.000
2021-12-29,,0,0.000,0.000,0.000,0.000,0.000
2021-12-30,,0,0.000,0.000,0.000,0.000,0.000
2021-12-31,,0,0.000,0.000,0.000,0.000,0.000
2022-01-01,,0,0.000,0.000,0.000,0.000,0.000
2022-01-02,,0,0.000,0.000,0.000,0.000,0.000
2022-01-03,,0,0.000,0.000,0.000,0.000,0.000
2022-01-04,,0,0.000,0.000,0.000,0.000,0.000
2022-01-05,,0,0.000,0.000,0.000,0.000,0.000
2022-01-06,Agatha Top + Dress,1,9.000,0.000,0.000,9.000,9.000
2022-01-06,Cora Blouse,1,9.000,0.000,0.000,9.000,9.000
2022-01-06,Marlow Dress,1,9.000,0.000,0.000,9.000,9.000
2022-01-07,Lola Blouse,1,9.000,0.000,0.000,9.000,9.000
2022-01-08,,0,0.000,0.000,0.000,0.000,0.000
2022-01-09,Marlow Bundle,1,12.000,0.000,0.000,12.000,12.000
2022-01-10,,0,0.000,0.000,0.000,0.000,0.000
2022-01-11,Angelica Blouse + Dress,1,9.000,0.000,0.000,9.000,9.000
2022-01-12,,0,0.000,0.000,0.000,0.000,0.000
2022-01-13,Bellaire Bottoms - KNIT,1,9.000,0.000,0.000,9.000,9.000
2022-01-14,Birdie Dress,1,10.000,-6.320,0.000,3.680,3.680
2022-01-14,Bellaire Bottoms - KNIT,1,9.000,-5.680,0.000,3.320,3.320
2022-01-14,Meri Top + Dress,1,9.000,0.000,0.000,9.000,9.000
2022-01-15,Bordeaux Peplum + Dress - KNIT,1,9.000,-9.000,0.000,0.000,0.000
2022-01-16,Marlow Bundle,1,12.000,-12.000,0.000,0.000,0.000
2022-01-17,,0,0.000,0.000,0.000,0.000,0.000
2022-01-18,,0,0.000,0.000,0.000,0.000,0.000
2022-01-19,Camden Dress,1,9.000,0.000,0.000,9.000,9.000
2022-01-19,Melbourne Romper,3,27.000,0.000,-9.000,18.000,18.000
2022-01-20,,0,0.000,0.000,0.000,0.000,0.000
2022-01-21,Agatha Top + Dress,2,18.000,0.000,0.000,18.000,18.000
2022-01-21,Macy Pinafore,1,9.000,0.000,0.000,9.000,9.000
2022-01-21,Melbourne Romper,15,135.000,0.000,0.000,135.000,135.630
2022-01-21,Duchess Dress,2,18.000,0.000,0.000,18.000,18.000
2022-01-21,Mona Shorts,1,9.000,0.000,0.000,9.000,9.000
2022-01-21,Marlow Bundle,1,12.000,0.000,0.000,12.000,12.000
2022-01-22,Marlow Bundle,1,12.000,0.000,0.000,12.000,12.000
2022-01-22,Bordeaux Peplum + Dress - KNIT,1,9.000,0.000,0.000,9.000,9.000
2022-01-22,Sadie Skirt,1,8.000,0.000,0.000,8.000,8.000
2022-01-22,Melbourne Romper,3,27.000,0.000,0.000,27.000,27.000
2022-01-22,Long Island Top - KNIT,1,9.000,0.000,0.000,9.000,9.000
2022-01-22,Mona Shorts,1,9.000,0.000,0.000,9.000,9.000
2022-01-23,Meri Top + Dress,1,9.000,0.000,0.000,9.000,9.000
2022-01-24,,0,0.000,0.000,-18.000,-18.000,-18.000
2022-01-24,Angelica Blouse + Dress,1,9.000,0.000,0.000,9.000,9.000
2022-01-24,Macy Pinafore,1,9.000,0.000,0.000,9.000,9.000
2022-01-24,Penny Blouse,1,9.000,0.000,0.000,9.000,9.000
2022-01-25,Melbourne Romper,2,18.000,0.000,0.000,18.000,18.000
2022-01-25,Penny Blouse,1,9.000,0.000,0.000,9.000,9.000
2022-01-25,Macy Pinafore,1,9.000,0.000,0.000,9.000,9.000
2022-01-25,Mona Shorts,1,9.000,0.000,0.000,9.000,9.000
2022-01-26,Melbourne Romper,2,18.000,0.000,0.000,18.000,18.000
2022-01-26,Penny Blouse,1,9.000,0.000,0.000,9.000,9.000
2022-01-27,,0,0.000,0.000,0.000,0.000,0.000
2022-01-28,Melbourne Romper,3,27.000,0.000,0.000,27.000,27.000
2022-01-28,Penny Blouse,1,9.000,0.000,0.000,9.000,9.000
2022-01-28,Macy Pinafore,2,18.000,0.000,0.000,18.000,18.000
2022-01-28,Lola Blouse,1,9.000,0.000,0.000,9.000,9.000
2022-01-29,Livie Tank + Dress,1,9.000,0.000,0.000,9.000,9.000
2022-01-29,Lola Blouse,1,9.000,0.000,0.000,9.000,9.000
2022-01-30,Macy Pinafore,2,18.000,-4.000,0.000,14.000,14.000
2022-01-30,Melbourne Romper,2,18.000,-4.000,0.000,14.000,14.000
2022-01-30,Penny Blouse,1,9.000,-4.000,0.000,5.000,5.000
2022-01-31,Ainsley Pinafore,1,9.000,0.000,0.000,9.000,9.000
2022-01-31,Melbourne Romper,1,9.000,0.000,0.000,9.000,9.630
2022-01-31,Penny Blouse,1,9.000,0.000,0.000,9.000,9.000
2022-01-31,Agatha Top + Dress,1,9.000,0.000,0.000,9.000,9.000
2022-01-31,Birdie Dress,1,10.000,0.000,0.000,10.000,10.000
2022-01-31,Mona Shorts,2,18.000,0.000,0.000,18.000,18.000
2022-01-31,Laurel Blouse,1,9.000,0.000,0.000,9.000,9.000
2022-01-31,Angelica Blouse + Dress,1,9.000,0.000,0.000,9.000,9.000
2022-02-01,Melbourne Romper,1,9.000,0.000,0.000,9.000,9.000
2022-02-01,Penny Blouse,2,18.000,0.000,0.000,18.000,18.000
2022-02-01,Bordeaux Peplum + Dress - KNIT,1,9.000,0.000,0.000,9.000,9.000
2022-02-01,Camden Dress,5,45.000,0.000,0.000,45.000,45.630
2022-02-01,Marlow Bundle,1,12.000,0.000,0.000,12.000,12.000
2022-02-01,Angelica Blouse + Dress,1,9.000,0.000,0.000,9.000,9.000
2022-02-01,Macy Pinafore,1,9.000,0.000,0.000,9.000,9.000
2022-02-01,USPS - A0 file,1,16.000,0.000,0.000,16.000,16.000
2022-02-01,Bellaire Bottoms - KNIT,1,9.000,0.000,0.000,9.000,9.000
2022-02-01,Meri Top + Dress,1,9.000,0.000,0.000,9.000,9.000
2022-02-01,Lottie Bonnet,1,6.000,0.000,0.000,6.000,6.000
2022-02-01,Long Island Top - KNIT,1,9.000,0.000,0.000,9.000,9.000
2022-02-02,Penny Blouse,3,27.000,0.000,0.000,27.000,27.630
2022-02-02,Meri Top + Dress,1,9.000,0.000,0.000,9.000,9.000
2022-02-02,Birdie Dress,1,10.000,0.000,0.000,10.000,10.000
2022-02-02,Duchess Dress,1,9.000,0.000,0.000,9.000,9.630
2022-02-02,Bellaire Bottoms - KNIT,1,9.000,0.000,0.000,9.000,9.000
2022-02-02,Cora Blouse,1,9.000,0.000,0.000,9.000,9.630
2022-02-02,Louisa Pinafore,1,9.000,0.000,0.000,9.000,9.000
2022-02-02,Hazel Tunic,1,9.000,0.000,0.000,9.000,9.630
2022-02-02,Camden Dress,5,45.000,0.000,0.000,45.000,45.630
2022-02-03,Macy Pinafore,1,9.000,0.000,0.000,9.000,9.000
